"2023-09-08","19.31199411331862","34.54304635761589","33","674.2658278145698","818.2099999999997","1154.4299999999992","1330.2400000000005","818.0999999999997","1154.1699999999992","1330.2400000000005","4705","4705","169884.70000000007","47471.730000000025","6256.510000000001","596.3100000000001","249.07000000000005","69.19999999999999"
"2023-09-09","16.97736969022445","37.35893155258765","26","676.0764273789642","8003.219999999999","11628.47999999999","13254.150000000005","7685.92","11111.31","12739.080000000005","38890","38150","1439616.9800000007","410975.82999999996","64364.39999999998","6151.840000000001","2398.280000000001","534.4999999999998"
"2023-09-10","18.523421588594708","27.991853360488797","21","676.713645621181","8107.540000000004","11537.589999999998","13013.769999999997","7795.859999999998","11052.57","12568.99","36628","35999","1424540.2600000012","407439.76999999996","62713.91999999997","5568.380000000006","2192","393.80000000000024"
"2023-09-11","15.560134310134309","34.777472527472526","25","676.7671153846155","10339.61","15748.439999999999","17879.870000000006","8910.809999999998","13507.500000000005","16534.689999999995","42329","38940","1677834.8999999992","484417.63000000006","85834.73","8734.05","3099.6700000000023","353.4800000000001"
"2023-09-12","15.607436230004323","36.36575875486381","30","676.4752529182878","9257.920000000002","14659.119999999992","16983.659999999996","7496.8600000000015","11746.35","14977.499999999996","37304","32203","1519208.3400000003","439974.1899999999","84502.28000000006","9515.359999999999","3421.319999999999","458.1699999999999"
"2023-09-13","16.312260536398465","44.81773399014779","34","675.9891625615761","15656.019999999997","23798.360000000015","26993.31999999998","11616.439999999993","17746.269999999993","22246.869999999995","55283","49185","2637575.329999998","763341.8400000002","139249.22999999986","13428.619999999997","4918.320000000004","660.0499999999998"
"2023-09-14","18.149672306050906","41.1440329218107","31","676.042249657064","12243.109999999995","17689.94000000002","19721.58999999999","11886.750000000007","17202.110000000004","19467.559999999983","56155","55288","2131526.059999999","611367.3800000001","100053.67000000011","8001.810000000003","3052.8999999999996","488.76000000000016"
"2023-09-15","16.999235474006113","37.642201834862384","34","676.4894954128439","2134.6600000000003","2997.480000000002","3378.7300000000014","2035.9899999999996","2860.330000000002","3238.8000000000006","11138","10941","444482.63000000006","124997.03","16449.33000000001","1512.960000000001","564.5999999999996","156.0799999999999"
"2023-09-16","18.528384942319367","37.28688524590164","32","675.6582103825141","11244.740000000027","16898.530000000006","19804.949999999997","10362.14000000002","15480.259999999995","18315.329999999998","49385","47721","2008622.4700000004","575723.41","97276.59000000004","10740.979999999987","4336.569999999998","939.2199999999998"
"2023-09-17","16.8984648122815","43.883720930232556","34","675.8624897400823","8162.610000000005","11434.630000000003","13074.230000000007","6807.260000000003","9583.300000000012","11119.010000000006","29059","27252","1396535.909999999","411320.1100000003","57454.62","6015.989999999995","2316.6299999999965","556.8200000000006"
"2023-09-18","19.12220702234382","35.247606019151846","25","675.7055540355678","6534.69","10509.950000000013","12608.470000000014","5741.68","8936.199999999999","10698.44000000001","29733","28062","1193874.57","359043.72999999986","67643.62000000002","8475.06","3168.680000000004","775.270000000001"
"2023-09-19","18.952728378172974","35.493844049247606","30","675.5384815321482","8021.870000000003","11090.38999999999","12387.8","7766.590000000007","10779.879999999992","12149.149999999998","39142","38448","1472547.4199999985","419464.7999999998","60859.19999999999","4817.289999999999","1970.0199999999984","448.09000000000026"
"2023-09-20","17.88797689618483","38.454172366621066","34","675.8564569083447","9336.449999999993","13095.36000000002","14605.41","8681.819999999992","12258.960000000021","13941.090000000002","42723","41180","1692750.2299999986","487067.18999999994","73351.09000000007","6019.430000000005","2343.1899999999987","443.10000000000036"
"2023-09-21","16.42582333025546","42.82409972299169","35","676.1839750692524","3743.619999999995","5510.600000000003","6542.330000000004","3532.349999999997","5105.45000000001","6027.920000000006","19393","18816","767553.4400000005","218854.65999999983","31831.939999999988","3808.3800000000037","1520.680000000001","421.5300000000001"
"2023-09-22","17.963316369804918","35.58015267175573","26","675.8447519083966","3666.339999999999","5139.790000000001","5911.699999999999","3440.1699999999983","4811.930000000004","5575.709999999997","18791","18265","714042.1399999997","201989.0599999998","27737.490000000038","2673.8300000000045","1133.1900000000003","247.48999999999998"
"2023-09-23","17.83085633404105","32.588110403397025","29","676.1441401273886","6734.460000000006","9291.93","10405.750000000004","6503.880000000005","8974.580000000002","10130.210000000003","31422","30875","1210558.2900000012","345231.8600000001","50039.77000000003","4072.7699999999973","1696.9099999999996","341.9900000000005"
"2023-09-24","17.041590771098967","39.85382513661202","32","676.7552322404375","7941.11","11494.359999999997","12986.380000000003","7528.910000000001","10880.579999999989","12340.299999999997","40503","39697","1433417.3199999984","410608.6099999998","65640.12999999993","5387.200000000001","2186.630000000001","527.1"
"2023-09-25","19.913024570558818","29.96086105675147","28","676.5327005870847","4874.359999999999","6690.259999999998","7324.679999999997","4752.87","6533.029999999996","7224.949999999999","24911","24586","911010.6000000001","259727.04999999996","36678.880000000005","2467.9500000000016","961.0100000000006","209.96000000000015"
"2023-09-26","19.249808429118772","34.99172413793104","32","675.8591586206896","17798.740000000013","25787.72000000003","29279.150000000016","16196.689999999991","23736.650000000023","28022.29000000002","71847","68258","3029513.859999998","879024.6799999996","150590.7300000001","12801.290000000014","5414.340000000001","884.2000000000006"
"2023-09-27","19.811004420057916","35.36488340192044","27","675.3081344307269","18173.940000000002","25474.489999999998","28204.52000000002","16285.729999999992","23401.910000000007","27488.47000000002","73645","68831","3111228.6499999994","897107.6100000008","145366.96000000005","10186.270000000008","4336.760000000006","573.3000000000001"
"2023-09-28","19.030247758017932","34.712722298221614","29","675.0529274965797","13963.629999999997","20223.259999999995","22718.98999999998","13276.380000000014","19363.399999999987","22278.859999999993","61507","59831","2416164.290000001","695146.0199999998","116131.25000000006","9445.060000000009","3809.099999999996","573.5600000000004"
"2023-09-29","18.268876611418044","38.98342541436464","35","675.1113259668514","4688.400000000002","6736.099999999999","7533.99","3841.6699999999983","5645.730000000001","6940.830000000002","19324","16872","805312.4899999996","231591.27","37720.23999999999","3130.2300000000005","1241.5","181.18"
"2023-10-08","18.96914446002805","39.87938288920056","36","675.9770266479661","8209.809999999992","11190.96000000001","12143.380000000001","8204.87999999999","11183.58000000001","12139.82","41587","41569","1486707.889999998","423437.2800000006","59145.65000000001","3737.830000000005","1371.839999999999","325.64"
"2023-10-09","17.173649058894963","52.22950819672131","38","676.6291666666665","4498.370000000002","6319.889999999991","7291.060000000007","4442.140000000001","6219.129999999995","7164.420000000008","24003","23790","895304.1100000003","253083.8200000003","36454.70999999998","3188.760000000001","1401.7700000000023","487.2500000000002"
"2023-10-10","15.868490186988103","55.23922114047288","40","677.420319888734","1734.6800000000014","2568.18","2955.2200000000003","1595.220000000001","2316.08","2693.3599999999997","8349","8101","418686.6999999996","114039.49000000008","14731.039999999999","1567.1600000000005","557.9000000000005","163.58999999999992"
"2023-10-11","17.610213445042888","45.497307001795335","34","676.5490484739674","2340.1200000000003","3174.2100000000005","3468.8299999999967","2286.5900000000006","3095.8500000000013","3411.2599999999966","12249","12101","505452.5600000002","140855.44000000015","17187.22999999999","1181.4999999999995","440.4599999999998","114.63999999999997"
"2023-10-12","15.013138138138137","45.37162162162162","35","676.7633108108105","1955.8200000000006","2849.1400000000003","3195.939999999998","1871.6000000000013","2724.21","3108.319999999997","10463","10197","383831.5600000001","108859.44999999998","15818.240000000002","1433.1200000000006","493.1199999999997","105.31999999999995"
"2023-10-13","17.28869895536562","42.91794871794872","36","676.5387350427349","1716.65","2449.1000000000013","2735.1500000000005","1699.1299999999999","2422.540000000002","2717.7100000000005","9811","9742","407367.19999999995","113404.53000000003","14472.159999999996","1160.1599999999996","425.6699999999999","122.56000000000009"
"2023-10-14","16.22359021127831","51.510259917920656","39","676.8856497948021","2281.97","3206.799999999998","3540.919999999996","2247.21","3154.4899999999966","3493.9199999999955","12796","12713","526397.1099999996","146447.17999999996","18315.96000000001","1363.7499999999998","492.5600000000002","141.72"
"2023-10-15","16.32241215574549","50.72792022792023","38","676.8904415954414","1637.28","2341.100000000003","2581.8400000000015","1566.6699999999998","2248.650000000002","2502.7300000000023","8841","8732","414530.62000000005","113346.1699999999","13613.589999999995","1039.4999999999998","346.42999999999995","102.87999999999997"
"2023-10-16","17.13314580403188","44.77777777777778","36","676.601772151899","2528.559999999999","3569.380000000001","3943.660000000002","2405.98","3408.830000000003","3819.940000000003","13474","13198","570629.7999999997","159476.49","20573.349999999984","1565.749999999999","574.7700000000001","127.65999999999993"
"2023-10-17","16.02079538554948","51.12841530054645","39","675.8508743169401","2287.560000000001","3275.2100000000037","3711.98","2173.3100000000004","3104.4200000000037","3539.5099999999993","12414","12137","525864.86","146403.34000000003","18897.319999999985","1718.1899999999998","643.5200000000006","199.39999999999995"
"2023-10-18","14.909046214355946","56.19469026548673","41","676.2726769911502","751.5499999999996","1083.060000000001","1230.2700000000004","725.2299999999998","1045.5800000000006","1194.1800000000003","4165","4110","219312.45999999982","58849.11000000003","5978.659999999996","578.3599999999996","214.92000000000016","73.31000000000003"
"2023-10-19","16.272009714632663","50.33879781420765","38","676.4403278688534","1494.669999999999","2161.4999999999995","2510.020000000003","1474.4799999999989","2123.609999999999","2468.530000000002","8692","8606","405923.32000000036","110075.69000000009","12785.649999999998","1234.2599999999993","521.4300000000002","153.7399999999999"
"2023-10-20","16.32471264367816","47.71896551724138","37","676.7191724137926","2208.9400000000005","3180.789999999999","3592.07","2122.1500000000005","3017.1699999999987","3394.1","11594","11426","491721.45","137243.99","18270.97000000001","1651.4000000000003","602.4600000000006","186.37999999999988"
"2023-10-21","14.874601003191973","54.19699042407661","38","677.2409439124475","3616.1700000000023","4889.569999999996","5415.700000000001","3464.250000000002","4697.279999999995","5228.229999999998","18065","17750","744167.3999999998","206839.19000000012","24707.529999999984","2039.2000000000003","766.3100000000004","200.86000000000007"
"2023-10-22","17.943109468063255","40.622920517560075","33","676.6388724584102","4394.850000000002","6428.5599999999995","7497.159999999995","4119.050000000001","5914.83","6797.809999999998","22303","21731","824475.0800000007","240434.78999999995","36962.90999999999","3887.8599999999997","1574.339999999999","459.03999999999985"
"2023-10-23","18.134624937903627","40.26080476900149","35","676.4841728763035","5003.400000000001","7078.170000000007","7706.279999999996","4725.010000000004","6597.690000000007","7212.039999999995","25312","24744","947684.2500000003","274263.5199999999","39832.53","2876.7799999999984","918.0999999999997","229.96999999999989"
"2023-10-24","14.48979591836735","50.86479591836735","37","676.2689795918365","2481.970000000001","3695.99","4263.22","2202.180000000002","3231.9900000000002","3711.95","11177","10742","475459.8599999999","135525.88","20467.310000000005","2172.8300000000004","757.5099999999998","220.15999999999997"
"2023-10-25","15.879741727199352","47.738498789346245","38","675.645762711864","3153.559999999998","4783.780000000006","5831.05","2793.1999999999994","4154.950000000004","5049.29","14792","14153","605184.0199999998","173164.23000000007","28319.730000000018","3554.630000000002","1518.0800000000027","421.7500000000008"
"2023-10-26","15.381679389312978","55.98218829516539","41","674.7840203562337","990.34","1307.46","1431.6400000000008","990.32","1307.46","1431.6400000000008","5367","5367","244731.69999999995","66787.34999999998","6541.389999999999","475.0500000000003","170.64999999999998","66.33"
"2023-10-27","14.563313313313314","58.002252252252255","42","674.3943918918922","2263.110000000001","3134.650000000003","3454.1599999999976","2200.3000000000006","3057.4600000000028","3392.9399999999973","11803","11681","460315.14999999985","128969.55999999995","16673.079999999998","1320.9999999999995","463.62999999999965","121.6599999999999"
"2023-10-28","17.36227174249458","50.82451253481894","42","673.6269359331474","3462.9599999999987","4682.300000000005","5182.409999999999","3371.2499999999973","4569.370000000005","5106.650000000001","17259","17063","731311.4899999999","203850.70000000013","24364.76","1907.6599999999994","753.2199999999998","194.37999999999977"
"2023-10-29","18.382665452337584","45.27459016393443","35","673.8935655737707","2652.749999999998","3526.0300000000007","3927.450000000001","2549.149999999999","3400.0200000000004","3822.9200000000023","13727","13425","603557.3300000003","166902.1500000001","18090.62000000001","1444.6099999999985","594.9600000000007","180.23000000000002"
"2023-10-30","16.3277428371768","51.0440251572327","38","674.4858700209649","2028.7599999999998","2728.4200000000005","3039.609999999998","1976.2899999999997","2660.9200000000014","2987.2899999999977","10488","10374","432260.32000000024","120297.34","13947.830000000002","1147.0100000000004","453.73999999999995","135.82000000000005"
"2023-10-31","17.858337133302932","47.529411764705884","38","674.6510396716822","5101.420000000005","6718.360000000001","7495.029999999991","4881.920000000002","6435.029999999999","7240.859999999993","24765","24291","1006412.1900000006","282284.07999999984","33095.88000000002","2782.619999999997","1167.3700000000015","314.8300000000001"
"2023-11-01","18.113236187006677","41.39344262295082","32","674.2215983606557","3060.179999999997","4122.579999999998","4618.529999999997","3046.059999999997","4101.619999999998","4608.209999999998","16634","16581","664248.8100000002","185282.96","21917.590000000004","1781.4299999999994","711.1500000000002","291.3800000000001"
"2023-11-02","16.86806505547956","37.3734610123119","28","674.1681532147746","2679.5600000000013","3683.390000000002","4164.720000000002","2671.2100000000014","3676.130000000002","4163.8200000000015","14943","14926","601788.2900000004","168027.10000000015","20086.51","1751.279999999999","696.4800000000007","288.86999999999983"
"2023-11-03","16.4738897022938","44.77891654465593","34","674.1381551976583","3456.149999999998","4889.040000000001","5629.439999999996","3307.769999999996","4657.400000000002","5427.289999999995","18250","17949","720709.5199999997","201781.85999999993","26817.35000000001","2673.8400000000015","1067.4000000000003","329.3700000000001"
"2023-11-04","15.436996504027967","54.54719562243502","39","675.0506566347469","1807.7799999999995","2597.3800000000006","3018.890000000002","1739.5999999999988","2480.1800000000007","2907.5700000000006","9409","9256","445582.57","120709.45999999995","14885.899999999998","1559.8499999999988","619.1500000000005","164.58999999999995"
"2023-11-05","16.243928354584096","53.6051912568306","41","675.0344398907098","874.6799999999997","1223.21","1450.9899999999998","870.3099999999997","1218.6200000000006","1447.9699999999998","5010","5000","297659.42999999993","76991.40000000004","7268.879999999999","750.6800000000003","336.5999999999996","138.29999999999995"
"2023-11-06","16.673506611947104","51.11217510259918","40","675.9584131326942","1044.0099999999995","1467.7999999999997","1679.4299999999994","1040.5799999999995","1463.7899999999997","1679.0899999999995","5872","5863","320358.8900000003","83605.74999999999","8823.930000000006","804.0000000000005","320.7300000000003","124.69000000000005"
"2023-11-07","17.535339717282262","47.50478796169631","38","676.292476060192","1776.5500000000009","2508.0000000000014","2904.9799999999996","1700.1200000000006","2402.330000000002","2791.9299999999994","9559","9406","455742.8900000003","124582.29999999997","14473.110000000019","1395.47","578.24","204.76000000000008"
"2023-11-08","17.28332529345554","41.9247467438495","33","676.0364109985526","1957.9999999999961","2914.1099999999956","3526.410000000003","1864.7399999999964","2722.1199999999963","3267.1300000000015","10550","10331","475241.68000000046","131716.51000000007","17077.98999999999","2092.9799999999996","879.3300000000008","271.33000000000027"
"2023-11-09","17.01123254401943","42.021857923497265","35","675.4048497267754","3641.2299999999987","5134.4","5728.690000000002","3518.899999999998","4970.489999999998","5581.740000000002","19498","19284","765544.5599999996","215169.97999999972","28929.329999999998","2393.6500000000015","883.3100000000001","262.93000000000006"
"2023-11-10","19.384404924760602","41.19015047879617","34","675.2815868673049","1454.06","2149.2499999999986","2510.870000000001","1393.42","2047.0099999999989","2417.780000000001","7976","7808","401690.14999999985","108369.04000000002","13005.619999999994","1344.3800000000015","543.7800000000004","161.99999999999994"
"2023-11-11","17.618179054567563","50.113543091655266","37","675.1419151846786","3669.339999999999","5606.600000000003","6330.899999999997","3009.269999999999","4526.640000000003","5212.469999999993","14015","12903","725340.5999999994","217726.2999999999","33941.52999999999","3518.3400000000006","1110.7000000000012","207.82999999999967"
"2023-11-12","18.54233166134671","45.49247606019152","38","674.7464432284537","1016.0000000000006","1425.0499999999988","1631.0800000000006","988.6000000000007","1391.8899999999996","1608.7600000000004","5661","5581","332550.39999999985","88145.85000000003","8105.2699999999995","764.2700000000001","310.11000000000007","120.89000000000017"
"2023-11-13","17.712733394551574","50.60606060606061","41","675.159393939394","1950.2000000000003","2594.089999999998","2886.9899999999957","1914.24","2549.1399999999985","2856.5899999999956","10252","10144","480046.9699999998","130685.09","13007.719999999996","1125.549999999999","435.6200000000002","142.82999999999984"
"2023-11-14","17.947256421948623","45.890560875512996","37","674.7671819425443","736.7","1095.760000000001","1375.1100000000001","712.75","1058.9700000000012","1339.6100000000001","4295","4221","271648.0899999999","71307.31000000004","7480.519999999996","885.8700000000014","403.75000000000045","157.03999999999994"
"2023-11-15","16.46450828393373","55.093023255813954","42","675.6829411764714","1150.5200000000002","1600.7899999999988","1858.0400000000009","1138.3800000000006","1579.7999999999995","1843.0700000000008","6440","6391","346427.80000000005","91286.97999999995","9087.900000000001","912.4100000000008","383.58999999999986","132.74999999999994"
"2023-11-16","17.115209471766846","51.67622950819672","39","675.7574180327867","1055.0900000000001","1424.210000000001","1633.9699999999996","1016.4799999999999","1376.470000000001","1596.65","5507","5397","322622.51000000053","84492.69999999997","7839.049999999999","743.9600000000004","321.0799999999999","120.41000000000001"
"2023-11-17","17.172062623499013","51.99452804377565","40","675.9009712722298","1295.890000000002","1858.8299999999986","2187.7000000000003","1257.1000000000015","1802.5599999999986","2140.91","7126","7010","367314.8400000002","98168.82000000004","10885.630000000005","1148.58","490.03","148.2299999999999"
"2023-11-18","16.72168729940394","50.83356258596974","39","676.0851306740026","1531.890000000001","2106.7499999999995","2489.5200000000013","1494.530000000001","2063.9700000000003","2456.8800000000006","8139","8039","406465.40999999986","109180.34000000004","11540.810000000001","1265.7100000000019","566.0400000000005","182.76000000000002"
"2023-11-19","18.05951752069026","44.743264659271","31","676.0200316957211","1322.4100000000024","2039.179999999998","2536.89","1146.660000000001","1744.709999999998","2186.06","6259","5935","354572.98","96019.42000000009","12743.399999999994","1707.0600000000015","738.8700000000007","202.27999999999983"
"2023-11-20","17.14698282413741","51.667578659370726","39","675.1981668946652","1671.6000000000013","2289.1600000000008","2870.7199999999975","1659.6800000000014","2272.2199999999993","2854.8399999999983","9371","9331","433583.94999999966","117973.14999999998","12581.109999999995","1563.5600000000009","817.4199999999998","362.0400000000002"
"2023-11-21","16.89922480620155","49.35704514363885","35","674.7398358413132","1453.7600000000007","1984.3100000000002","2240.7799999999993","1430.0900000000004","1941.7399999999998","2199.7499999999995","7996","7911","400906.9799999998","107737.66000000002","10715.230000000001","923.6300000000016","370.51000000000016","138.14000000000007"
"2023-11-22","20.130780498012133","25.721280602636536","22","673.3819774011304","1492.6699999999996","2007.080000000002","2231.0199999999995","1492.5599999999995","2006.9600000000019","2231.0199999999995","8178","8178","363540.83000000013","100658.66000000006","10803.519999999993","831.5899999999997","325.55000000000007","119.93000000000004"
"2023-11-23","16.978919004596605","37.38088445078459","32","674.4176034236808","2758.100000000003","3789.749999999995","4217.230000000002","2732.570000000003","3732.9799999999955","4166.430000000002","15172","15107","604920.5999999995","169360.01999999993","20576.070000000014","1708.9299999999996","627.9200000000006","217.56000000000003"
"2023-11-24","19.116127070983435","36.677154582763336","34","675.2801778385774","3137.8899999999976","4218.9699999999975","4726.4400000000005","3094.319999999998","4167.1399999999985","4696.020000000001","16740","16620","681593.1099999996","190528.62999999992","22440.72","1824.8400000000001","748.9899999999998","268.11999999999983"
"2023-11-25","16.716757741347905","50.40163934426229","38","675.6026366120221","2464.479999999998","3510.5800000000036","4184.040000000002","2371.06","3351.2500000000036","3987.6200000000003","13096","12885","572343.4799999996","157761.09999999998","19780.350000000002","2303.14","1011.7999999999997","325.95000000000016"
"2023-11-26","14.949840401276791","56.09575923392613","39","675.0662790697687","2155.6600000000003","2844.809999999999","3197.4600000000005","2107.810000000001","2782.7799999999997","3143.4600000000014","11307","11216","516450.01999999967","140549.67000000004","13908.880000000001","1265.1600000000008","510.76000000000005","166.3699999999999"
"2023-11-27","15.952632505722839","50.06022187004754","37","675.9280348652927","2034.7899999999997","2954.1900000000014","3556.350000000002","1939.4499999999994","2788.850000000002","3348.200000000002","10459","10134","461339.29999999993","126594.53000000004","16712.690000000028","2056.6299999999987","889.9900000000001","289.45999999999987"
"2023-11-28","17.83325733394133","45.75512995896033","38","675.8235841313268","922.9600000000011","1294.7299999999989","1527.4499999999994","887.320000000001","1246.2499999999993","1479.7699999999998","5145","5021","307992.9899999999","81521.42000000003","7520.029999999997","781.3999999999995","348.4500000000004","114.1799999999999"
"2023-11-29","17.435660348281708","47.64493758668516","37","674.8675450762827","1428.5400000000002","2226.14","2727.299999999998","1284.1400000000003","1969.1199999999992","2422.760000000001","7039","6756","386694.72","104398.51999999996","14370.540000000008","1819.1400000000006","764.2700000000007","214.49999999999997"
"2023-11-30","17.374981000152","51.62380300957592","42","674.6875786593708","1649.6099999999985","2220.64","2497.5599999999995","1593.9199999999983","2130.3999999999996","2406.22","8546","8430","426550.7399999996","115325.85000000002","11693.930000000002","1070.3300000000002","412.92000000000036","129.57999999999993"
"2023-12-01","16.33500303582271","56.58196721311475","42","675.5354918032788","1239.0400000000002","1644.2500000000005","1869.1199999999997","1238.3100000000002","1643.7400000000005","1869.1199999999997","6756","6753","351285.3599999997","92357.73999999999","8533.209999999992","816.3999999999994","326.26999999999975","134.89"
"2023-12-02","17.045143638850888","51.276333789329684","39","675.5489466484272","1240.4899999999998","1627.980000000001","1852.5","1230.0699999999997","1618.2700000000007","1848.28","6442","6419","358948.81000000006","94358.38000000006","8376.369999999995","753.1699999999997","328.99000000000007","127.5"
"2023-12-03","17.967016263869894","47.3296853625171","39","674.9156634746925","1655.4299999999987","2448.5899999999997","2891.600000000001","1629.1199999999988","2399.8000000000006","2858.9599999999996","9165","9051","438181.4500000004","119091.04","14850.310000000003","1617.5899999999995","670.0299999999997","184.39"
"2023-12-04","18.587039584288554","45.69050894085282","35","674.3984044016503","1267.7199999999996","2042.8299999999963","2467.6300000000024","1208.0299999999995","1927.6399999999958","2399.7000000000035","7036","6768","369439.66000000015","99631.98999999999","13125.98999999999","1595.400000000001","638.7500000000017","146.37999999999997"
"2023-12-05","17.846260387811633","51.00415512465374","42","674.8464542936281","1185.1500000000005","1619.8000000000015","1873.18","1169.240000000001","1601.4000000000017","1865.7699999999998","6491","6444","353664.52999999997","94112.51999999996","8846.319999999996","864.4399999999995","364.25000000000034","147.61000000000007"
"2023-12-06","14.078078078078075","55.72432432432432","37","675.5521891891888","472.6999999999998","646.6499999999999","742.8700000000001","467.3199999999997","642.7199999999999","741.9000000000001","2557","2547","138341.89999999997","35587.15","3550.0599999999995","348.0600000000001","146.7799999999998","53.61999999999999"
"2023-12-07","16.49718802249582","52.83584131326949","40","675.0812859097125","1341.5699999999974","1844.4500000000012","2088.7199999999984","1339.9199999999973","1842.2500000000014","2088.2799999999984","7568","7563","375350.34000000014","101251.27","10502.679999999995","851.13","354.97999999999973","153.15000000000012"
"2023-12-08","16.996504027967777","51.81942544459644","40","675.6904514363888","1780.1000000000006","2545.3999999999996","2971.7200000000003","1625.730000000001","2357.2499999999986","2807.19","8990","8679","449343.0299999999","122675.0199999999","14706.16000000001","1461.0900000000006","641.6300000000001","179.95"
"2023-12-09","17.36262902246509","51.21857923497268","40","675.8618442622951","1222.7800000000002","1793.6399999999999","2185.620000000001","1145.0900000000008","1663.7799999999995","2033.9600000000003","6592","6374","346635.5999999999","91922.85999999996","11017.010000000002","1331.7400000000023","591.39","180.48000000000008"
"2023-12-10","16.94178446572427","51.33652530779754","40","675.308686730506","709.9699999999999","969.6199999999999","1159.5900000000001","699.4999999999998","957.5899999999998","1151.6900000000003","3855","3828","249739.96999999994","63841.70000000001","5859.4000000000015","623.1800000000002","305.53999999999985","117.30999999999996"
"2023-12-11","18.435172518619854","48.21340629274966","38","674.3517920656632","2052.0599999999977","2887.9200000000033","3358.0599999999963","1873.3499999999976","2649.0500000000015","3138.1199999999967","9884","9519","489622.2400000005","133421.17000000016","15996.10999999999","1618.8400000000004","694.3900000000007","191.16000000000014"
"2023-12-12","18.375892992856052","51.77701778385773","42","674.567305061559","1559.8599999999994","2909.8599999999983","3933.560000000002","1282.049999999999","2293.6599999999994","3084.360000000002","6622","6128","394925.64999999997","114401.98000000003","21070.15000000001","3858.389999999999","1498.420000000002","459.9599999999999"
"2023-12-13","19.87156102751178","45.99452804377565","41","674.0364979480169","1485.2499999999984","2206.1799999999967","2568.6899999999982","1263.1999999999994","1864.0899999999972","2232.679999999998","6441","6011","388043.52","107643.8199999999","13757.480000000007","1394.370000000001","551.1899999999999","144.6"
"2023-12-14","17.700258397932817","53.93707250341997","39","674.020218878249","1384.0699999999977","2051.309999999999","2506.0500000000025","1239.039999999997","1829.7699999999988","2264.910000000002","6706","6481","374909.2999999998","100289.66000000005","12716.12000000001","1562.5100000000048","683.4700000000003","205.58999999999997"
"2023-12-15","17.88721690226478","53.15458276333789","43","674.2407797537618","2812.4600000000028","4274.490000000002","5047.440000000007","2291.729999999999","3439.460000000001","4149.920000000002","11771","10852","609234.8900000004","172225.67000000004","26365.96000000003","3016.9099999999994","1174.5800000000024","288.19000000000005"
"2023-12-16","19.195166438668494","49.08481532147743","41","674.6785088919291","1772.8299999999997","2707.7900000000045","3175.340000000002","1508.1","2273.4599999999996","2714.72","8202","7623","451679.06000000006","123268.88999999981","17426.779999999988","1845.5900000000006","707.23","193.4199999999999"
"2023-12-17","17.40536398467433","53.35448275862069","40","675.6573517241379","2031.1299999999999","3123.340000000002","3612.5900000000015","1772.3199999999997","2661.690000000001","3114.8600000000015","8855","8365","448734.6900000003","129300.95000000001","19325.470000000012","2228.1499999999987","758.7499999999999","171.0400000000001"
"2023-12-18","16.86973180076628","48.20551724137931","37","674.8456275862061","2851.7800000000016","4125.519999999995","4606.879999999998","2485.2999999999993","3556.2399999999957","4077.9699999999966","12059","11394","611777.2699999999","170562.91999999987","23555.139999999996","2087.770000000002","731.8700000000005","142.97000000000014"
"2023-12-19","18.540051679586565","49.35294117647059","39","674.8051025991801","5385.810000000002","8492.950000000008","9195.389999999998","4235.05","6535.570000000009","7195.860000000004","18441","16545","948576.5300000005","297813.8500000002","54003.92999999995","4417.2699999999995","1067.690000000001","199.49999999999994"
"2023-12-20","16.011551907584742","53.51162790697674","39","674.7576470588233","2389.210000000002","3181.269999999998","3510.2199999999984","2267.020000000001","3038.309999999998","3382.1099999999988","11579","11414","546880.5400000003","149899.55","16310.370000000004","1276.2000000000023","485.4400000000001","149.5199999999999"
"2023-12-21","17.94230180593817","50.54269972451791","40","674.8688016528927","1880.4000000000005","2526.3700000000003","2848.41","1791.9400000000005","2405.100000000003","2740.930000000001","9206","9076","475056.39999999997","129290.3600000001","12962.470000000001","1110.5200000000002","477.52","155.31"
"2023-12-22","16.193837279902855","55.5792349726776","39","676.4380327868842","2820.499999999999","4410.390000000001","5134.75","2491.6299999999983","3779.01","4437.170000000001","12758","12035","589954.7300000001","169296.2200000001","25566.739999999994","3137.809999999994","1029.1200000000006","238.6300000000001"
"2023-12-23","16.609667122663023","54.13406292749658","40","676.238413132695","3038.5299999999993","4490.090000000002","5308.320000000001","2584.669999999999","3774.200000000003","4538.429999999999","12835","11982","646324.420000001","183587.09999999986","26950.42000000001","2963.939999999999","1242.099999999999","330.4400000000001"
"2023-12-24","18.813649490804078","46.21067031463748","39","676.3768673050612","4228.440000000001","6901.440000000001","7852.279999999999","3384.6599999999994","5383.730000000008","6195.6399999999985","15750","14242","798943.86","246943.67999999996","44830.94000000004","4832.760000000001","1409.2800000000004","331.41000000000014"
"2023-12-25","18.688524590163937","40.9344262295082","38","675.5826229508194","124.96000000000001","192.83000000000004","222.8699999999999","117.14000000000001","176.45000000000007","205.09999999999988","735","694","33539.08999999999","9173.710000000001","1225.6599999999999","131.83999999999997","44.050000000000004","11.850000000000001"
"2023-12-29","17.832874196510563","54.30578512396694","43","677.4106887052344","315.1399999999998","441.9899999999998","521.7299999999996","314.31999999999977","441.89999999999975","521.6899999999996","1819","1819","128018.26000000004","31937.210000000014","2821.6400000000012","279.13999999999976","123.52000000000001","45.18"
"2023-12-30","16.332269341845265","53.637482900136796","40","677.3773187414503","804.3899999999999","1087.3399999999986","1270.2599999999998","795.85","1080.769999999999","1267.8499999999997","4254","4239","263079.8499999998","66838.65000000001","6400.399999999997","674.4100000000003","286.6599999999999","126.37000000000008"
"2023-12-31","16.011278768480413","56.05075445816187","42","676.9678463648829","1964.8299999999986","2774.7799999999993","3253.540000000001","1837.6399999999999","2589.889999999999","3068.760000000001","9652","9392","460961.5700000004","124585.13000000002","15606.489999999998","1732.94","732.1400000000007","208.69999999999982"
"2024-01-01","17.18878248974008","51.759233926128594","41","676.1314637482898","2980.7699999999945","4144.579999999998","4732.250000000004","2838.079999999998","3938.7199999999984","4537.440000000007","15205","14912","646322.5399999995","179281.49000000005","23276.629999999972","2101.729999999999","870.9100000000002","227.64999999999966"
"2024-01-02","18.19957440340477","52.15321477428181","41","675.635499316006","2915.55","3967.6600000000008","4407.9","2908.640000000001","3958.810000000001","4405.67","15608","15586","635996.0300000005","176909.76999999996","22221.87000000002","1635.3299999999995","669.1700000000001","200.95999999999987"
"2024-01-03","18.640370877032982","49.506155950752394","40","675.2783036935712","3761.9499999999975","4948.720000000003","5438.810000000005","3753.939999999998","4942.500000000002","5438.5400000000045","20172","20157","769922.7800000001","216205.48000000016","26410.909999999993","1757.7900000000006","712.8200000000002","279.97"
"2024-01-04","18.603891168870646","48.735978112175104","41","675.8296716826262","5840.680000000003","7634.989999999997","8251.859999999997","5742.410000000001","7505.969999999999","8147.119999999997","29756","29543","1116551.6599999992","316610.27","39862.73","2392.3100000000013","931.6500000000007","269.25000000000006"
"2024-01-05","18.68369053047575","44.84815321477428","38","675.5606703146373","4388.160000000003","5998.799999999997","6657.510000000004","4325.680000000003","5883.449999999996","6531.840000000002","23335","23210","880512.2499999992","248576.13999999993","32352.1","2464.969999999998","959.4999999999993","274.34000000000015"
"2024-01-06","17.342301261589906","50.588235294117645","40","675.5069493844054","4129.089999999998","6525.990000000002","7558.8700000000035","3682.4300000000017","5616.950000000005","6490.340000000005","19729","18794","814701.8099999998","240699.31000000008","41249.89999999999","4641.319999999997","1527.8600000000022","386.87000000000023"
"2024-01-07","16.642342868262308","55.89141856392294","42","675.4100350262695","966.8600000000006","1480.9499999999996","1759.6399999999999","881.4000000000004","1338.2399999999993","1608.4600000000003","5132","4916","281125.9999999999","75324.20000000004","9446.679999999993","1014.13","407.7999999999998","133.07000000000005"
"2024-01-08","17.190258751902586","51.80684931506849","40","675.1347671232883","2147.9400000000023","3171.470000000001","3826.989999999998","1866.9599999999984","2750.750000000001","3377.540000000001","9924","9366","523311.47999999963","142744.94000000012","18747.15000000002","2265.2000000000025","988.8399999999997","267.40000000000015"
"2024-01-09","18.947408420732636","47.32010943912449","40","675.3672229822165","1144.5700000000002","1587.300000000003","1800.3999999999985","1132.0700000000002","1575.5100000000027","1789.7699999999984","6267","6239","352021.9099999997","93638.14999999985","8968.279999999993","791.0500000000002","313.9000000000003","117.43999999999993"
"2024-01-10","16.90530475756194","53.97264021887825","42","675.9141039671688","1234.1399999999999","1745.49","2024.2600000000011","1217.37","1715.73","2006.000000000001","6938","6867","358197.29000000004","95186.60999999997","10058.040000000014","1003.55","413.2700000000004","135.81999999999996"
"2024-01-11","17.26129082669167","50.16877637130802","38","676.0657383966242","999.4100000000005","1476.4900000000011","1780.6699999999992","903.6700000000009","1321.620000000001","1613.3599999999994","4957","4817","312513.2700000001","81862.76","8794.38","1061.7100000000003","447.19000000000005","142.93"
"2024-01-12","16.511415525114156","52.943835616438356","40","675.731082191781","1605.37","2191.73","2449.7700000000013","1589.9200000000003","2169.1700000000005","2429.9000000000015","8833","8780","420468.7799999996","114216.4800000001","11970.719999999996","968.4700000000008","378.3800000000006","140.35"
"2024-01-13","17.980974124809748","48.07808219178082","37","676.0484657534247","2722.2899999999995","5454.04","7015.810000000002","2127.8999999999996","4093.589999999999","5270.260000000001","10765","9527","566444.8199999997","176712.75999999978","41341.64","6654.030000000002","2305.820000000001","692.4700000000004"
"2024-01-14","17.047423620611035","52.6155950752394","40","676.2661969904249","1469.5900000000001","2270.110000000002","2279.6000000000004","1443.0499999999997","1974.1500000000008","2279.3100000000004","8395","8094","400058.8500000001","107617.49999999997","10684.730000000007","1032.6600000000003","437.3700000000004","167.85999999999996"
"2024-01-15","16.62785388127854","54.80958904109589","42","675.9547123287668","1050.4000000000008","1540.2300000000014","1935.83","1042.0400000000009","1528.0500000000013","1924.4399999999998","6264","6234","320919.6799999998","84321.72000000004","9741.619999999992","1217.420000000002","566.5400000000006","225.77999999999972"
"2024-01-16","19.000607995136036","49.1313269493844","42","675.5987277701778","872.6700000000006","1221.37","1452.400000000001","866.0900000000006","1212.3700000000003","1443.8900000000008","5022","4998","304922.56","79483.62000000001","7196.190000000002","748.240000000001","334.36","141.16000000000003"
"2024-01-17","17.571059431524546","53.611491108071135","42","676.010314637483","1060.3599999999997","1443.6200000000017","1673.5300000000009","1038.3699999999997","1414.400000000002","1646.5200000000011","5759","5700","341097.11000000034","89635.62999999998","7848.569999999997","765.0900000000006","322.36000000000007","139.15999999999988"
"2024-01-18","16.514667882656937","57.38577291381669","42","676.9058413132688","2299.0299999999993","3392.52","4124.63","1838.6299999999992","2684.749999999999","3272.290000000001","8143","7508","523917.36000000004","143777.38999999993","20533.190000000013","2570.6499999999974","1086.2100000000014","354.51000000000005"
"2024-01-19","16.93798449612403","55.82216142270862","41","676.3112038303691","1109.4900000000005","1586.06","1885.5500000000009","1041.0800000000004","1470.0699999999997","1764.0600000000006","5612","5473","328936.3800000002","85855.64000000014","9552.88999999999","1084.9899999999996","446.7","161.57999999999987"
"2024-01-20","16.5","58.507462686567166","43","676.1637761194029","1734.1700000000003","2954.0600000000004","3551.25","1395.4799999999993","2314.5199999999995","2837.8699999999985","7447","6713","403164.87999999995","114232.68000000008","20345.009999999987","2581","896.9499999999994","237.14999999999986"
"2024-01-21","17.756410256410255","56.02136752136752","45","676.6635042735039","740.3600000000002","1039.6399999999999","1214.7399999999998","680.8900000000003","955.4100000000002","1150.9799999999998","3626","3457","174643.14999999988","47142.499999999985","5803.56","613.0899999999998","272.05999999999995","46.14999999999999"
"2024-01-22","16.541095890410958","56.68630136986302","42","677.3521643835617","1208.6800000000005","1617.2600000000002","1888.9000000000008","1187.3000000000006","1593.2700000000002","1871.2400000000005","6466","6406","346057.33000000025","90178.54000000015","8945.320000000007","894.1100000000002","409.57000000000016","161.3400000000001"
"2024-01-23","18.544611643106855","49.36935704514364","41","676.9442818057464","1238.189999999999","1874.160000000001","2260.920000000001","1129.03","1709.6100000000004","2106.8600000000015","6270","6020","351568.0999999999","93447.08000000003","11921.439999999993","1347.5500000000034","575.5500000000014","157.25999999999996"
"2024-01-24","19.266605867153057","46.14363885088919","39","676.1915731874147","934.32","1292.3899999999978","1506.7299999999987","919.81","1273.4099999999983","1493.4599999999987","5187","5138","314931.1","82736.53000000001","7580.169999999989","699.4500000000002","315.7500000000002","102.81999999999992"
"2024-01-25","21.09439124487004","41.593707250342","36","675.3130369357043","1515.1700000000014","2150.060000000001","2465.280000000004","1400.7000000000014","1960.15","2254.100000000002","7348","7143","412732.1900000002","112011.44000000002","12659.859999999982","1139.4000000000012","471.8300000000003","156.63"
"2024-01-26","19.92643678160919","44.540689655172415","35","675.9823310344833","1694","2327.9999999999977","2683.24","1609.630000000001","2219.979999999998","2592.9299999999976","8717","8504","448780.8399999999","121652.53000000004","12493.729999999994","1202.5099999999998","541.0200000000004","153.50000000000009"
"2024-01-27","17.85987017945781","53.64604810996563","44","676.5381958762895","1799.1399999999999","2592.3299999999954","3308.130000000001","1652.8","2362.399999999996","3052.120000000001","8910","8737","428226.0399999995","117721.73000000007","14538.799999999996","2100.35","1019.1400000000009","416.2000000000005"
"2024-01-28","17.598934550989345","56.96027397260274","44","676.6650958904108","1110.1100000000001","1470.1400000000008","1702.3500000000026","1082.5000000000005","1437.7000000000007","1675.1800000000028","5889","5862","340953.32999999984","89749.51","7786.160000000005","754.78","347.78000000000003","124.66000000000004"
"2024-01-29","18.393537570492306","49.578875171467764","37","676.9152400548697","1273.9700000000007","1729.0599999999997","1944.9600000000005","1115.7000000000003","1513.6900000000007","1728.2100000000005","5488","5327","351020.6700000004","92895.97999999998","9435.009999999997","841.5500000000006","329.5699999999997","110.52999999999997"
"2024-01-30","19.511323909408727","48.39261285909713","41","676.0759917920665","3104.190000000003","4062.9199999999964","4440.059999999998","3077.940000000003","4029.9099999999967","4419.599999999998","16285","16208","661811.6299999992","185787.11000000028","21117.270000000008","1375.51","558.5900000000007","192.33999999999992"
"2024-01-31","17.68696581196581","49.604395604395606","39","676.5982280219779","1730.6499999999994","2330.2499999999945","2594.8799999999987","1690.6399999999987","2276.9499999999953","2551.0699999999993","9327","9208","442779.65","120505.09000000003","12160.349999999999","965.7299999999992","389.2000000000006","132.22000000000008"
"2024-02-01","16.49619482496195","55.15890410958904","42","677.1783561643844","2074.6600000000003","2830.9300000000017","3194.219999999999","1983.9500000000003","2704.090000000002","3073.429999999999","10389","10259","498735.2800000001","135840.15000000017","15204.26999999999","1341.5799999999995","538.8400000000003","144.58000000000004"
"2024-02-02","17.04264099037139","55.13755158184319","43","677.0924209078399","2369.3500000000017","3899.4900000000016","4614.08","1998.3299999999988","3180.2000000000007","3810.35","10305","9589","532307.66","152356.12999999983","25517.160000000014","3144.6499999999965","1079.3600000000015","245.16999999999973"
"2024-02-03","16.50259462759463","55.26923076923077","40","676.188598901099","1831.8199999999993","3400.9000000000024","4094.459999999998","1525.8499999999979","2690.4600000000005","3255.790000000001","8057","7275","419490.2999999997","125637.46000000006","23795.370000000017","3392.7400000000025","992.1500000000007","220.77999999999992"
"2024-02-04","15.81513828238719","56.56550218340611","42","676.2839956331884","1656.5200000000002","2658.200000000001","3167.0600000000004","1385.0800000000002","2168.6400000000012","2615.47","6587","6049","363831.3100000002","104003.02999999998","17466.920000000006","2104.5399999999995","758.0500000000001","198.69000000000005"
"2024-02-20","23.537206931702347","34.44648318042813","38","675.4897859327217","1028.17","1439.140000000001","1649.3100000000004","986.7900000000001","1370.7700000000011","1580.9400000000005","5456","5331","247986.17999999993","68296.81000000001","8230.739999999996","749.0600000000006","315.5899999999999","90.08999999999992"
"2024-02-21","19.67275494672755","32.823287671232876","30","674.792383561644","4545.44","6395.639999999998","7003.31","4219.250000000001","5822.45","6399.220000000001","21881","21138","892900.9099999998","257022.93000000014","36261.469999999994","2840.3599999999988","925.320000000001","200.5199999999998"
"2024-02-22","19.327813390313388","30.10096153846154","22","673.8617467948718","2821.0100000000016","4120.729999999999","4773.979999999999","2606.92","3767.5700000000006","4394.239999999997","13920","13550","611209.0799999998","172567.19000000006","23741.51999999998","2625.149999999997","985.6000000000017","279.99999999999994"
"2024-02-23","19.511570393923332","33.67567567567568","25","673.784880763116","2677.3100000000018","3608.170000000001","4092.7300000000014","2652.5400000000022","3570.610000000001","4054.7600000000016","14568","14483","587453.2799999998","164015.77000000005","18909.66999999999","1691.1200000000022","714.6499999999997","252.57999999999973"
"2024-02-24","19.979480164158687","34.97948016415869","27","674.5741313269496","3807.9199999999973","5326.800000000003","6100.089999999999","3629.1299999999987","5054.850000000002","5817.92","19828","19409","794041.4599999989","223838.2400000001","30185.690000000017","2827.9400000000014","1180.3000000000004","319.4399999999999"
"2024-02-25","17.579419364645084","44.294117647058826","28","676.0653898768805","4947.659999999998","7090.649999999994","7924.070000000007","4682.9000000000015","6657.629999999997","7498.520000000004","25444","24861","957860.6700000006","277898.9600000003","41474.48000000006","3565.9200000000014","1275.4500000000007","311.88999999999993"
"2024-02-26","16.273339455157636","52.31129476584022","38","676.561308539945","3652.3600000000006","5439.479999999998","6363.290000000008","3382.4299999999994","4938.61","5813.8300000000045","18227","17404","776660.9199999997","218221.0299999999","32157.559999999987","3624.68","1402.830000000001","396.87999999999994"
"2024-02-29","18.765096618357493","52.36141304347826","43","676.1665489130424","2155.7200000000007","4605.120000000003","5615.959999999995","1718.23","3458.499999999999","4214.140000000002","8550","7627","390243.66","131932.30000000002","34618.39999999997","5327.11","1473.9600000000016","311.3200000000002"
"2024-03-01","13.76530131826742","61.01059322033898","40","677.3170974576273","1177.53","1639.1499999999992","1911.0300000000002","1170.16","1628.6899999999994","1901.91","6401","6376","277495.0800000002","74771.63000000005","8877.280000000006","1004.6499999999996","411.5400000000003","140.15"
"2024-03-02","15.728310502283104","59.54383561643836","43","677.0603698630134","1886.9300000000003","3426.1500000000046","5020.389999999994","1634.3500000000004","2803.910000000004","3978.230000000003","9037","8383","460311.56000000023","128565.7900000001","25032.580000000016","5006.85","2332.7799999999984","919.8499999999997"
"2024-03-03","16.956984344125246","57.421340629274965","44","676.5915184678515","873.1900000000005","1239.1700000000008","1581.3099999999977","863.1700000000006","1226.010000000001","1572.4399999999978","4980","4952","303292.28999999986","78612.37999999992","7525.5399999999945","991.2400000000005","497.54000000000013","223.37999999999965"
"2024-03-04","16.818873668188736","55.83835616438356","43","676.289095890411","1661.7899999999997","2317.829999999999","2701.579999999997","1478.3900000000012","2058.119999999998","2432.7299999999973","7286","6933","421534.49999999994","114477.80000000008","13153.340000000004","1387.0699999999997","577.9000000000001","175.52999999999992"
"2024-03-05","18.340173278613772","49.299589603283174","41","675.3393980848149","1849.3099999999986","2654.0699999999997","3081.69","1690.8199999999986","2415.7899999999995","2846.3600000000006","8894","8541","469671.32","128073.66999999995","15491.830000000002","1574.4500000000014","640.7900000000006","167.39000000000007"
"2024-03-06","18.605022831050228","51.793150684931504","40","675.3632465753427","832.7099999999997","1152.7599999999984","1369.8099999999993","839.6899999999997","1148.4999999999984","1368.0599999999993","4744","4735","298839.52000000037","78250.83000000003","6629.7100000000055","703.9700000000003","314.98000000000025","134.5499999999999"
"2024-03-07","18.338653290773678","51.38577291381669","41","676.2065663474697","2274.2399999999975","3012.3900000000026","3391.3600000000006","2233.589999999997","2956.7200000000034","3335.51","11833","11747","535741.6999999996","147443.12000000014","15947.979999999996","1303.0899999999997","554.4700000000003","204.05999999999997"
"2024-03-08","17.317981456148352","54.59097127222982","43","676.7974829001361","3014.79","4630.809999999999","5287.570000000005","2579.800000000003","3864.339999999997","4473.190000000001","13230","12349","639485.4100000005","184536.5899999999","28643.760000000002","3013.6399999999994","1008.1200000000011","207.25999999999988"
"2024-03-09","18.093278463648833","51.98628257887517","42","676.9865980795613","1082.3899999999996","1535.2500000000005","1805.3200000000002","998.1199999999997","1407.040000000001","1677.8700000000006","5299","5156","329405.70999999996","87045.37999999992","9363.94999999999","973.6399999999993","420.0200000000001","130.86999999999995"
"2024-03-10","17.87761012040847","51.521262002743484","41","677.059547325103","1533.8999999999992","2233.8899999999994","2636.1600000000003","1382.3599999999997","2030.0299999999993","2451.400000000002","7708","7430","424416.53000000026","114184.98999999998","13386.420000000004","1443.7900000000004","626.7100000000004","176.3399999999999"
"2024-03-11","16.57926736586107","54.99042407660739","40","677.600642954856","1189.9800000000002","1650.8599999999997","1903.82","1081.5400000000002","1497.5899999999995","1769.7000000000003","6027","5713","338701.61999999976","89826.18000000002","9676.230000000001","931.0500000000006","403.8399999999998","111.74000000000007"
"2024-03-12","16.745053272450534","55.57945205479452","42","677.738698630137","944.610000000001","1281.5099999999989","1535.9999999999984","931.0300000000011","1264.8299999999992","1524.9299999999985","5126","5083","305881.5800000001","80192.07000000004","7422.999999999994","792.8999999999993","379.9900000000001","136.29999999999995"
"2024-03-13","18.243408017070568","51.818930041152264","41","677.4280795610424","1173.7000000000007","1597.5699999999995","1863.2000000000003","1137.3000000000006","1551.4699999999996","1821.64","6272","6165","362842.00999999983","94707.55999999998","8895.679999999998","868.5700000000004","395.53999999999934","125.8600000000001"
"2024-03-14","18.07041609510745","49.414266117969824","40","676.8720987654327","2447.150000000001","3471.5899999999997","3763.9599999999987","1901.3500000000013","2707.3499999999995","2990.1699999999983","7319","6721","512870.80000000016","155366.33000000005","20008.190000000006","1475.6699999999998","428.15999999999985","129.63"
"2024-03-15","17.06752019509221","55.305898491083674","41","676.7642249657075","6381.900000000009","9713.490000000003","12482.410000000007","5106.59000000001","7687.150000000007","9928.449999999999","22744","20740","1218108.1800000009","352843.7099999996","59340.62000000007","8712.699999999999","4135.780000000001","1352.7499999999993"
"2024-03-16","17.43759512937595","53.7","43","676.099602739726","2083.0400000000013","3286.9399999999955","4369.769999999997","1849.3400000000004","2825.609999999996","3775.47","10277","9577","507768.7000000001","139147.1200000001","21438.79","3327.0599999999977","1630.290000000004","455.4300000000008"
"2024-03-17","18.09621523027816","50.470588235294116","41","675.5973871409019","2491.2700000000013","4265.560000000003","5169.170000000002","2031.5200000000002","3367.310000000002","4144.589999999999","10499","9496","545789.5200000004","162054.77999999982","29233.030000000002","3969.2599999999993","1365.4400000000028","291.76000000000005"
"2024-03-18","17.204718417047182","55.31232876712329","42","676.4613013698633","1256.1099999999994","1766.350000000002","2142.9","1169.3799999999992","1634.9300000000014","2006.2699999999998","6624","6303","357329.8199999998","95122.14","10628.569999999998","1176.87","573.1500000000003","193.83999999999986"
"2024-03-19","16.719106247150023","56.42407660738714","42","676.7298084815326","2199.87","3027.5700000000024","3444.920000000001","2014.9699999999993","2755.920000000002","3180.270000000001","10530","10272","524627.7400000002","143451.72999999995","16334.539999999999","1544.7100000000005","635.2300000000002","181.15000000000015"
"2024-03-20","16.4727969348659","53.66896551724138","39","676.3676827586204","1165.11","1546.53","1743.8399999999992","1161.05","1544.61","1743.3399999999992","6168","6165","340548.09000000014","90324.81999999995","8382.779999999995","711.3200000000003","287.96000000000015","105.61999999999998"
"2024-03-21","16.84779299847793","53.28493150684932","40","676.1583835616436","1592.8600000000006","2231.0600000000004","2543.2699999999995","1564.7300000000005","2195.28","2522.509999999999","8730","8643","428741.42000000057","116720.50000000001","12686.16","1145.4199999999996","457.04999999999984","156.44999999999993"
"2024-03-22","16.90454476364189","54.054719562243505","42","676.3136525307793","1745.970000000001","2297.8200000000015","2566.8900000000017","1677.8700000000006","2223.890000000001","2503.940000000002","8714","8629","440552.42999999976","121874.13999999998","11834.959999999997","949.8099999999997","391.19","133.8099999999999"
"2024-03-23","16.09284627092846","55.463013698630135","41","676.9666712328773","1780.0000000000002","2456.1299999999997","2811.129999999999","1680.1599999999996","2302.6","2649.0499999999993","8881","8701","443166.17999999976","119755.46000000002","13612.290000000012","1305.5300000000004","533.9699999999999","180.90999999999988"
"2024-03-24","17.168949771689498","54.52602739726027","41","676.287890410959","1841.8199999999983","2642.5800000000013","3087.0199999999954","1624.6199999999985","2322.670000000002","2761.0499999999965","8548","8111","456208.3000000004","124335.31999999993","15815.019999999999","1604.6100000000015","684.9200000000011","171.4999999999999"
"2024-03-25","17.015503875968992","52.5608755129959","40","676.2879753761972","3831.589999999999","6166.980000000002","7274.390000000001","3148.3399999999974","4921.03","5856.990000000002","15545","14286","750132.0300000003","224374.97000000015","38406.310000000034","4743.619999999995","1628.1100000000013","448.6999999999998"
"2024-03-26","16.738964992389654","54.632876712328766","40","676.3301095890417","2680.4099999999985","3919.2099999999987","4395.850000000001","2463.719999999999","3554.0600000000013","4015.4199999999983","12942","12550","593720.9900000003","168166.7399999999","23487.59999999998","2066.0399999999995","722.9800000000001","182.77999999999997"
"2024-03-27","17.021583827329383","52.42544459644323","41","676.438399452805","3971.660000000004","5246.979999999995","5648.59","3946.4000000000046","5224.979999999995","5644.500000000001","20976","20926","798751.5199999994","225298.69999999992","28318.140000000036","1612.0400000000013","579.6199999999998","192.12999999999977"
"2024-03-28","18.39811004420058","45.098765432098766","35","676.4266941015089","2640.78","3656.090000000001","4168.140000000004","2611.7300000000014","3598.8500000000004","4110.750000000004","14598","14458","589605.8800000002","165339.65999999986","20908.93000000001","1808.6999999999982","760.0300000000001","259.25000000000006"
"2024-03-29","18.214611872146115","44.58082191780822","35","676.5384794520547","2339.339999999998","3524.7900000000045","4425.829999999998","2300.2499999999977","3457.400000000006","4364.459999999999","13716","13565","550681.3399999997","153818.46000000008","20965.15","2866.8299999999986","1299.6499999999999","451.77000000000027"
"2024-03-30","19.092098377812665","46.527472527472526","40","676.0455729984302","1574.44","2053.7999999999997","2276.229999999998","1572.03","2051.0399999999995","2276.229999999998","8364","8358","407160.5800000001","111188.38999999996","10158.880000000008","806.57","314.45000000000016","130.42999999999995"
"2024-03-31","18.253533971728228","46.9781121751026","39","676.0796306429546","1677.3399999999988","2228.6699999999996","2526.109999999998","1630.5599999999988","2163.039999999999","2460.159999999998","8700","8609","443153.6400000001","121019.01999999992","11393.250000000004","1018.3899999999994","453.1200000000009","146.26999999999998"
"2024-04-01","16.749619482496193","56.346575342465755","44","676.7258493150691","1766.2100000000003","2326.429999999999","2562.1699999999996","1741.1600000000005","2298.779999999999","2541.9099999999994","9213","9147","447622.1099999999","122411.71000000004","12087.200000000013","884.9200000000001","354.50000000000017","113.13999999999994"
"2024-04-02","16.74353120243531","55.65068493150685","42","676.3993424657527","1502.169999999999","2094.26","2376.6400000000017","1416.7099999999982","1966.7799999999997","2253.880000000001","7767","7574","410257.35000000044","110818.11000000002","11751.430000000008","1061.9300000000012","422.12000000000035","115.39999999999995"
"2024-04-03","16.46429670667898","56.54432132963989","43","676.045914127424","1298.2900000000009","1699.0600000000006","1937.3099999999997","1287.5900000000008","1688.4700000000005","1929.8499999999997","6713","6687","356189.0100000002","94688.94999999992","9056.839999999997","842.4399999999999","363.2399999999999","130.73000000000002"
"2024-04-04","16.82267884322679","57.06438356164384","44","676.372506849316","2867.8900000000017","3628.780000000004","3963.529999999996","2853.340000000001","3613.5300000000034","3954.5399999999963","14534","14490","636156.0899999994","175218.23000000019","16465.68999999998","1262.199999999999","492.5300000000006","182.6600000000001"
"2024-04-05","15.69083447332421","57.132694938440494","41","677.3822982216135","1296.569999999999","1858.4499999999996","2222.620000000001","1156.1199999999997","1654.5800000000004","2011.9999999999993","6219","5904","356956.81000000035","94735.17999999996","10981.480000000012","1256.2500000000014","577.0700000000008","147.36999999999995"
"2024-04-06","16.536529680365295","54.04246575342466","40","676.9050958904112","1580.56","2732.03","3428.239999999998","1316.5599999999995","2188.289999999999","2729.6499999999983","6415","6001","403556.8099999998","110663.38999999991","19668.910000000003","2730.6799999999976","1058.1700000000005","329.74999999999966"
"2024-04-07","16.634615384615383","53.79807692307692","40","676.4089697802187","1109.0900000000001","1576.0699999999997","1839.6300000000003","1039.2499999999998","1474.22","1742.6500000000003","5693","5564","319976.82999999984","84323.90000000004","9269.139999999996","967.6499999999997","399.78","132.72000000000006"
"2024-04-08","16.662100456621005","56.35890410958904","42","676.2443424657533","1162.53","1581.8700000000001","1854.4899999999993","1141.8999999999999","1562.6800000000003","1841.5199999999993","6293","6250","344503.5300000003","91760.88999999994","9018.720000000007","891.7999999999992","400.8300000000001","144.94000000000005"
"2024-04-09","17.998477929984784","50.73972602739726","40","676.1949041095892","1316.8000000000013","1805.299999999999","2110.2400000000002","1239.8500000000015","1703.0199999999988","2011.33","6654","6473","376125.7500000001","100570.9099999999","10306.740000000007","999.5900000000003","453.8399999999999","141.67999999999998"
"2024-04-10","18.271689497716892","49.275342465753425","40","675.3729726027406","1088.8100000000004","1489.2700000000002","1724.0599999999995","1066.5400000000002","1467.9400000000005","1715.2599999999993","5881","5831","344153.7600000001","91451.61000000006","8378.689999999995","766.7199999999998","341.51999999999975","120.65000000000002"
"2024-04-11","17.792977656178746","52.41860465116279","42","676.138590971272","1198.1400000000006","1740.889999999999","2117.650000000001","1093.9300000000003","1579.5499999999995","1949.630000000001","5981","5790","350696.6699999998","93655.15000000005","10546.009999999998","1299.5499999999995","568.2199999999997","166.68000000000004"
"2024-04-12","18.920091324200918","47.915068493150685","40","676.8406712328772","1399.9099999999985","2037.7399999999998","2339.289999999998","1260.1299999999999","1815.2499999999995","2123.039999999997","6599","6381","391542.33000000037","106211.0800000001","12058.699999999992","1196.1500000000024","437.93999999999977","124.34000000000002"
"2024-04-13","18.468983386678858","50.718792866941016","41","676.3062277091907","1285.0999999999992","1716.9300000000017","1949.5100000000004","1283.3499999999992","1714.0700000000015","1947.4400000000005","7051","7045","377344.7800000004","101174.72999999998","9309.030000000008","797.8600000000001","338.2100000000004","132.3900000000001"
"2024-04-14","15.319634703196344","54.15851272015656","38","675.9051272015652","1593.1899999999998","3052.1600000000003","3780.100000000001","1401.7399999999993","2500.9500000000003","3070.4499999999994","7522","7028","339444.18","109398.90000000004","21769.459999999995","3509.8500000000004","1076.2400000000014","264.6500000000001"
