"date","avg_temp_c","avg_humidity","min_dewpoint_f","avg_pressure","pm1_0_cf_1","pm2_5_cf_1","pm10_0_cf_1","pm1_0_atm","pm2_5_atm","pm10_0_atm","pm2_5_aqi_cf_1","pm2_5_aqi_atm","p_0_3_um","p_0_5_um","p_1_0_um","p_2_5_um","p_5_0_um","p_10_0_um"
"2023-09-07","21.11683848797251","28.2680412371134","33","708.1439175257734","596.02","825.98","990.3199999999999","589.6699999999998","816.4000000000001","983.6899999999998","3294","3273","119813.04999999992","34459.28","4602.52","485.69999999999993","247.20999999999998","83.16000000000003"
"2023-09-08","18.006944444444443","35.13055555555555","28","710.4157222222224","7755.929999999998","10740.890000000003","12573.229999999985","7175.849999999995","9929.699999999995","11845.179999999986","36458","35371","1358365.1900000009","395914.02","54244.04999999999","5531.280000000002","2597.9600000000005","845.2099999999997"
"2023-09-09","18.445216049382715","31.969444444444445","28","710.4559722222219","8852.269999999999","12362.419999999987","14522.38999999999","8582.469999999996","11958.649999999992","14129.48999999999","42578","41973","1494737.0200000012","435635.0000000002","59830.17000000004","6274.640000000008","2962.7200000000034","882.8099999999993"
"2023-09-10","18.354166666666664","32.18472222222222","21","711.0382083333335","10287.769999999995","14431.469999999987","16769.999999999993","9661.789999999994","13533.469999999988","15892.359999999988","47361","46033","1713614.6400000015","500751.65999999974","71548.35000000003","7100.879999999994","3254.260000000003","964.7300000000001"
"2023-09-11","18.38819347859682","38.00417246175243","30","711.1319332406124","15309.590000000006","21351.219999999987","23938.640000000036","14362.180000000013","20278.33999999999","23253.630000000012","63429","61629","2498151.3699999987","728810.6600000004","103903.61999999998","8580.839999999997","3604.7400000000016","989.7100000000003"
"2023-09-12","18.64891975308642","38.394444444444446","31","710.9452083333332","13601.450000000013","18985.040000000008","21281.13000000001","13104.040000000003","18415.02000000001","20906.850000000002","58445","57575","2228659.580000002","650391.8599999999","93417.36000000004","7621.410000000002","3199.970000000001","908.3699999999998"
"2023-09-13","19.221298861188057","35.81578947368421","31","711.1021052631576","19760.399999999998","27536.38","31333.510000000017","17031.590000000004","24170.779999999988","28471.710000000032","73015","69124","3206174.1199999982","937394.1800000005","135112.16000000006","12133.309999999978","5329.929999999999","1581.1399999999978"
"2023-09-14","19.613122872175797","39.344011142061284","32","710.4789693593309","11289.679999999993","15461.940000000011","17037.830000000005","10982.210000000001","15121.520000000006","16863.150000000005","51092","50396","1869370.4799999986","546223.9500000003","76106.98999999996","5395.430000000001","2218.5699999999983","634.4099999999999"
"2023-09-15","19.602843455416473","36.477051460361615","33","710.166884561892","11308.610000000011","15829.239999999998","18036.319999999996","10540.280000000004","14813.119999999999","17269.560000000005","49320","47872","1868949.5400000017","546244.5799999995","78825.4499999999","6963.600000000005","3060.050000000001","925.2200000000005"
"2023-09-16","18.902797094730335","40.4923504867872","35","710.8256606397782","13048.619999999988","17964.619999999995","20156.18","12285.969999999988","17066.31999999999","19561.160000000007","55519","54225","2124752.169999999","620572.28","87336.04999999983","7028.15","3030.379999999998","913.3999999999997"
"2023-09-17","18.969135802469136","45.15694444444444","38","710.9555138888896","10678.420000000006","14377.220000000005","16009.330000000004","10454.74","14148.200000000004","15868.909999999998","48146","47780","1781941.3700000008","518201.4900000001","69275.86000000002","5263.839999999998","2262.5999999999995","726.4999999999993"
"2023-09-18","18.67949312316489","44.21696801112657","33","710.7147705146025","11662.410000000003","15437.689999999977","17072.269999999997","10921.69000000001","14643.419999999993","16511.390000000003","49808","48456","1898002.3499999985","550748.4699999999","67909.58999999997","5550.1100000000015","2254.479999999996","685.9400000000003"
"2023-09-19","18.840509595226575","40.40928882438316","34","710.3801741654576","10284.400000000007","14340.939999999999","16828.519999999997","9766.050000000008","13521.060000000001","15783.710000000001","46224","45330","1711808.690000001","499336.40000000014","71415.68000000005","7672.070000000001","3386.6700000000014","1126.9399999999998"
"2023-09-20","21.311230585424134","35.1505376344086","34","708.8234946236558","2537.6800000000003","3456.4","3870.3700000000013","2413.5300000000007","3316.160000000001","3796.8700000000013","11739","11405","458654.41999999987","132851.73000000004","17691.96","1771.019999999999","631.6700000000002","202.90999999999997"
"2023-09-21","18.929279073311996","40.43758573388203","33","709.8281755829908","7054.569999999993","9261.690000000002","10242.029999999997","6761.989999999991","8886.11","9931.660000000002","33720","33189","1305038.729999998","377030.99000000005","45875.96","3683.4800000000014","1491.3000000000004","488.57"
"2023-09-22","20.548930531894754","30.555366269165248","30","709.7236456558785","6524.280000000006","8815.61","9877.619999999999","6115.510000000007","8317.149999999996","9510.490000000002","30220","29428","1199761.0100000014","347460.0699999997","44389.11999999997","4473.530000000002","1598.290000000001","520.1800000000002"
"2023-09-23","12.805449127288208","48.97701149425287","34","710.7555172413792","3348.149999999996","4624.930000000002","5202.360000000002","3236.5699999999956","4484.180000000005","5128.8600000000015","16213","15940","595224.5799999994","174471.69999999992","24783.92000000001","2375.4599999999996","870.4199999999998","288.6800000000001"
"2023-09-24","21.64333333333333","32.034","28","710.0933400000001","5749.369999999998","7734.229999999999","8552.189999999997","5321.5099999999975","7198.459999999998","8128.579999999995","25966","25143","1043122.1099999984","303838.6200000001","39490.64999999997","3590.6999999999994","1238.3499999999997","384.83000000000004"
"2023-09-25","19.214559386973185","36.097931034482755","28","711.3523586206894","9215.660000000007","12511.330000000004","14052.659999999993","8791.970000000007","11993.779999999995","13709.249999999995","43366","42338","1658751.1999999997","482453.4","64736.45","6413.009999999997","2322.2299999999996","796.3699999999993"
"2023-09-26","19.703132304815338","34.50210378681627","34","711.364347826087","10201.789999999988","14003.180000000004","15905.280000000006","9748.569999999996","13362.369999999999","15288.06000000001","47269","46263","1825569.0799999994","531632.9399999998","73252.53000000001","7700.600000000005","2863.2199999999984","987.0299999999999"
"2023-09-27","19.565318456531845","39.67085076708508","36","710.858995815899","11450.399999999994","15683.490000000007","17865.319999999974","10825.849999999995","14823.250000000013","16910.699999999986","49952","48902","2025021.5300000012","591612.4599999995","83483.34000000003","8345.499999999998","3277.1600000000003","1152.1899999999994"
"2023-09-28","21.016835016835014","40.68484848484849","35","710.453545454546","16814.989999999987","22992.419999999987","25052.630000000034","14361.030000000004","20196.78999999997","23450.09000000002","64555","59782","2893025.4","845943.9499999995","118731.35000000002","10571.020000000002","3106.9500000000085","954.6000000000009"
"2023-09-29","24.568792619334136","34.667870036101085","40","708.7298194945847","4317.430000000001","5898.67","6497.799999999998","4175.679999999999","5736.289999999998","6394.8099999999995","19619","19273","771019.1","223484.4400000001","30268.38","3000.5699999999997","906.96","283.73999999999995"
"2023-09-30","17.87178301741408","51.77115117891817","39","711.0160471567274","6540.260000000001","8545.199999999997","9263.489999999998","6114.630000000001","8011.899999999996","8844.879999999996","29567","28807","1213523.3999999992","351612.8600000003","41348.94999999999","3317.7500000000027","1087.43","356.3199999999998"
"2023-10-01","19.90241278623021","46.79253112033195","41","711.1920470262792","10989.860000000013","14460.859999999979","15817.979999999985","10491.420000000015","13882.829999999987","15395.089999999987","48086","47124","1938300.6800000009","563348.22","73253.36","5639.790000000004","2045.2599999999986","713.2500000000001"
"2023-10-02","19.48265321717866","46.920220082530946","40","710.2869738651995","9772.550000000008","12999.499999999996","14344.610000000017","9261.75","12327.66","13757.450000000017","44161","43201","1744267.63","506314.9200000002","66768.65000000007","5616.73","2030.1299999999987","654.5400000000001"
"2023-10-03","18.42592592592593","55.275","43","710.5184861111107","6535.32","8828.269999999997","10142.470000000003","6095.289999999997","8179.610000000005","9377.590000000007","29235","28520","1213211.2299999986","352925.82000000024","46698.70999999998","4666.560000000003","1985.7799999999977","680.96"
"2023-10-04","19.139463601532565","54.186206896551724","46","710.531420689655","10420.320000000002","14053.600000000006","15373.430000000004","9920.750000000002","13342.870000000008","14636.920000000006","46652","45755","1819642.0900000003","535244.7399999998","76686.31999999999","5604.280000000001","1991.2600000000002","658.2300000000001"
"2023-10-05","19.186973180076635","51.30758620689655","43","711.3992827586208","10808.47999999999","14531.560000000012","15970.420000000004","10051.7","13548.640000000005","15110.890000000005","47366","46034","1899382.8200000008","554259.1900000002","76952.15999999997","6240.100000000001","2185.7999999999975","679.8000000000004"
"2023-10-06","19.58830731558004","51.33471074380165","43","712.0378787878784","9533.119999999999","12824.790000000005","14354.909999999998","9078.749999999995","12243.320000000003","13846.489999999998","43215","42364","1699804.2699999998","494343.5899999996","68875.14999999998","5861.180000000001","2301.150000000001","810.02"
"2023-10-07","19.48456790123457","50.666666666666664","42","712.0456527777771","8340.830000000005","11058.329999999996","12111.719999999987","7655.540000000006","10147.369999999997","11308.169999999995","36895","35909","1505631.8700000008","437325.0399999998","55970.45999999998","4593.680000000006","1584.1899999999998","505.39"
"2023-10-08","17.65098722415796","53.857142857142854","42","711.0955400696868","5744.110000000002","7465.980000000008","8238.87","5710.510000000002","7427.330000000007","8210.72","28761","28665","1045412.0100000002","303417.4099999996","38095.269999999975","2767.660000000003","1161.2000000000003","420.6300000000002"
"2023-10-09","19.37093779015785","49.41643454038997","42","711.8653064066841","8898.960000000003","11613.16","12603.629999999996","8529.769999999997","11206.560000000005","12341.609999999995","41266","40571","1590024.6899999997","463227.62000000017","57476.269999999975","4418.009999999995","1486.2900000000006","507.7900000000007"
"2023-10-10","19.170134073046693","52.64355062413315","42","711.8219140083222","5681.189999999999","7547.299999999999","8281.580000000007","5063.079999999999","6766.489999999996","7615.280000000005","24227","23181","1073121.1900000004","311167.6299999996","37037.95999999998","3507.9199999999973","1110.58","348.10999999999996"
"2023-10-11","19.057098765432098","50.236111111111114","38","711.0187083333332","8978.220000000005","11826.020000000024","12957.329999999994","7810.750000000007","10367.950000000023","11617.569999999994","35193","33458","1582854.3800000013","468097.67999999947","58203.38999999999","4993.579999999992","1717.7499999999993","514.85"
"2023-10-12","19.269290123456788","49.21111111111111","40","710.8516805555556","15301.699999999983","21847.840000000007","25113.09000000002","13105.159999999994","18542.930000000004","21490.060000000023","56387","53159","2597508.369999999","773219.5599999998","125475.44","12815.690000000019","4950.6900000000005","1501.0700000000002"
"2023-10-13","19.25771604938272","48.425","38","711.1700138888889","11377.949999999997","15675.050000000005","17549.510000000002","10560.439999999995","14669.93","16848.910000000007","49998","48279","2007308.1399999987","587313.0100000002","83627.05000000005","8033.979999999997","2816.1200000000003","962.2600000000009"
"2023-10-14","18.492063492063494","53.402889245585875","43","711.8958105939005","4591.5899999999965","6125.060000000003","6869.850000000004","4405.45","5855.4700000000075","6605.710000000005","22646","22213","877591.0200000011","253913.61000000004","31261.280000000042","2933.889999999996","1128.2699999999998","354.41000000000014"
"2023-10-21","19.868772591544865","46.82461103253183","37","711.4970579915138","6079.649999999996","8047.23000000001","8897.840000000007","5710.069999999998","7628.200000000008","8562.260000000007","28494","27928","1140455.36","330762.9299999999","40811.37","3442.78","1277.130000000001","442.77"
"2023-10-22","19.310800310800314","46.955244755244756","38","711.1478181818183","7431.869999999997","10034.760000000004","11099.260000000002","7136.739999999996","9643.810000000001","10792.41","36465","35836","1352046.069999999","394322.69000000035","53220.71000000004","4486.109999999997","1599.9799999999993","540.2099999999996"
"2023-10-23","19.313590449954088","49.60468319559229","39","711.3934159779615","11051.13999999999","15186.579999999994","17073.539999999994","10177.549999999988","14056.300000000001","16138.239999999994","49343","47593","1971186.4099999988","573691.4100000007","80142.33999999998","8029.880000000003","2854.1499999999983","921.84"
"2023-10-24","20.325987144168963","44.83884297520661","39","710.9138429752066","9006.64","12402.909999999985","14155.369999999999","8547.25","11788.979999999976","13625.259999999995","42655","41660","1629932.949999997","474415.8099999995","66249.08999999987","6847.930000000003","2625.8699999999976","910.5199999999995"
"2023-10-25","18.235975892443207","56.02642559109875","41","710.9708762169678","6114.160000000001","8125.030000000006","9009.929999999997","5956.999999999995","7925.260000000005","8879.809999999994","30460","30063","1142846.719999999","332388.2099999999","41594.31999999999","3520.28","1332.2399999999996","460.84000000000003"
"2023-10-26","16.457851749113885","64.4618585298197","47","710.3815950069348","9054.069999999992","12412.61999999999","13745.44000000001","8423.84","11633.590000000002","13207.810000000005","41940","40585","1615005.5500000005","472866.37000000034","66274.27000000002","6033.569999999997","2009.7299999999993","666.8600000000004"
"2023-10-27","17.555237641074555","58.91273247496424","45","710.1723175965661","7136.610000000003","9619.339999999991","10612.320000000012","6858.310000000003","9301.419999999993","10400.50000000001","34569","34044","1260010.0600000008","368717.0600000001","50668.09000000006","4002.879999999996","1464.1699999999992","508.1700000000002"
"2023-10-28","14.92679919864386","66.27323162274618","45","710.324951456311","6259.99999999999","8556.109999999991","9607.110000000008","6185.179999999992","8476.259999999997","9559.910000000009","31021","30858","1068748.7800000003","311095.97","41242.85999999999","3556.5499999999984","1357.6300000000044","447.3700000000003"
"2023-10-29","17.6203165374677","53.85174418604651","42","710.8369186046509","6161.820000000001","8379.310000000009","9259.370000000008","6065.189999999999","8255.910000000009","9177.55000000001","32000","31770","1054801.9499999997","306646.1400000002","41671.26000000005","3332.8299999999995","1219.51","377.2800000000002"
"2023-10-30","17.97326533766033","47.3115438108484","39","710.5939638386644","6451.849999999999","8805.709999999992","9944.209999999992","6088.94","8333.089999999995","9575.10999999999","31231","30570","1152998.7200000016","334409.19000000024","41540.18999999997","4435.230000000001","1579.5300000000002","495.40999999999997"
"2023-10-31","18.03051643192488","50.18732394366197","41","710.895830985916","8380.400000000005","11194.719999999994","12374.960000000003","7818.170000000001","10469.179999999986","11788.280000000008","37632","36653","1519117.2399999998","441643.1199999997","55965.55","5059","1771.0999999999995","573.62"
"2023-11-01","18.534509439801923","46.92200557103064","32","710.5882172701953","6152.609999999995","8171.7800000000025","9245.810000000007","5887.149999999996","7854.58","9019.410000000005","29474","28913","1160691.0700000008","335930.36000000016","40707.269999999975","4079.459999999999","1608.4300000000012","591.1099999999996"
"2023-11-02","16.77237654320988","45.516666666666666","31","710.30623611111","7696.7400000000025","10572.749999999985","12012.94999999999","7100.130000000001","9782.799999999977","11356.229999999998","35086","33897","1407377.88","410123.67999999976","55489.349999999926","5795.820000000001","2161.4299999999994","728.4500000000004"
"2023-11-03","16.793209876543205","43.65277777777778","33","709.7918055555555","6701.540000000003","9033.479999999985","10266.409999999989","6521.120000000001","8817.819999999987","10130.79999999999","33118","32718","1241374.8500000003","360492.44000000006","45927.600000000006","4734.930000000003","1839.629999999999","662.3199999999991"
"2023-11-04","17.371913580246915","52.74861111111111","40","709.6704583333333","6635.210000000008","8863.779999999999","9931.19","6456.080000000007","8640.159999999994","9783.820000000003","32441","31967","1229943.6800000006","357086.5000000001","44903.55000000002","4229.410000000001","1611.9900000000002","554.3700000000001"
"2023-11-05","18.229166666666668","50.765277777777776","41","709.9254999999999","8536.760000000006","11301.539999999994","12528.71","8349.11","11119.06","12441.56","41151","40783","1535149.1300000006","447143.7299999996","58570.70999999999","4687.159999999999","1841.7300000000002","658.6699999999994"
"2023-11-06","18.436099520939578","53.500695410292074","43","710.4100973574406","8220.370000000008","11079.050000000005","11498.570000000009","6944.740000000001","9352.049999999997","10646.989999999994","34405","32602","1363810.5600000005","397214.01999999955","51905.07000000008","4755.3600000000015","1800.1200000000006","596.87"
"2023-11-07","19.760802469135804","45.925","39","710.6686250000004","9090.47","12129.860000000002","13429.980000000005","8346.359999999997","11244.790000000005","12745.640000000005","40069","38909","1632591.4299999995","475381.5499999999","61477.87000000013","5465.780000000003","1953.4800000000032","656.7700000000001"
"2023-11-08","19.95744351593934","44.67270194986072","35","710.2770612813365","9569.949999999995","12820.349999999993","14300.22999999999","8629.099999999999","11662.809999999992","13418.449999999992","41266","39595","1704965.2100000002","497309.62999999936","65117.44000000002","6133.68","2207.8899999999985","808.36"
"2023-11-09","19.002314814814813","42.579166666666666","38","709.9056249999994","8480.33","11593.72999999999","13302.090000000006","7770.859999999998","10638.899999999996","12406.59","38271","37033","1530576.4900000005","447031.9500000002","61272.77","6398.8099999999995","2570.789999999995","905.8299999999996"
"2023-11-10","20.91898148148148","37.025","35","709.5364166666667","6603.170000000004","8709.269999999999","9923.519999999982","6352.210000000002","8429.06","9746.35999999998","31501","30964","1235306.31","357593.48","42865.639999999985","4423.289999999995","1822.4800000000016","679.5400000000008"
"2023-11-11","19.080721747388417","38.598290598290596","36","709.8303760683757","5866.509999999996","8190.0199999999995","9611.190000000008","5568.409999999996","7748.599999999995","9183.300000000007","28799","28125","1077688.06","314518.9899999997","44495.19999999999","5196.67","2131.0200000000013","757.9300000000006"
"2023-11-12","20.948302469135804","37.9375","38","709.6244583333327","7220.059999999999","9853.77","11352.700000000004","6903.279999999994","9407.060000000003","10949.37","35328","34632","1323467.3500000022","385540.4699999996","53240.619999999995","5418.109999999995","2246.6600000000017","810.4600000000007"
"2023-11-13","19.92746913580247","43.84583333333333","41","709.7324999999998","8962.939999999997","12237.179999999997","13968.559999999985","8447.430000000006","11589.060000000001","13459.889999999992","42510","41446","1608582.5500000003","469281.56000000023","66207.46000000002","6420.289999999987","2594.53","948.3900000000003"
"2023-11-14","18.560817084493962","50.86908077994429","37","709.930459610029","8132.180000000003","11367.15","13440.380000000006","7547.020000000001","10490.160000000002","12471.659999999998","36861","35642","1478265.820000001","431770.56000000006","62859.579999999994","7210.629999999999","3124.610000000001","1104.7100000000003"
"2023-11-15","18.558641975308642","54.46666666666667","45","710.9930416666663","6789.529999999993","10198.849999999997","12658.929999999993","5967.409999999998","8696.380000000006","10690.429999999993","29464","27862","1252513.87","370724.63000000006","62044.060000000005","8356.339999999997","3708.8399999999974","1263.2400000000014"
"2023-11-16","18.890432098765434","54.88611111111111","43","710.6166527777782","6697.859999999992","8926.220000000003","9936.160000000005","6287.939999999994","8374.5","9442.980000000001","31236","30332","1244293.5200000005","361216.04000000015","45269.64999999992","4166.230000000002","1519.4200000000014","521.3800000000005"
"2023-11-17","17.566836655849173","56.055632823365784","43","711.2873574408906","4006.6600000000003","5293.200000000012","5949.649999999999","3806.770000000001","5050.220000000004","5773.76","18875","18458","797012.4000000005","230872.4999999998","26172.279999999977","2615.4200000000037","993.3600000000005","339.5400000000001"
"2023-11-18","17.79783950617284","55.85138888888889","43","711.6752777777775","4450.049999999999","5960.169999999998","6752.049999999998","4141.240000000002","5557.460000000001","6445.1600000000035","20582","19815","868661.1200000001","251515.62000000002","29811.04","3248.609999999999","1212.2199999999998","412.3500000000001"
"2023-11-19","14.860183122989358","62.12917594654788","40","712.6918708240531","2661.1499999999996","3616.0599999999977","4257.719999999995","2432.499999999999","3312.5299999999975","3984.579999999996","12019","11742","518516.07999999996","151138.33999999985","19150.19999999999","2204.88","953.660000000001","383.6100000000004"
"2023-11-24","21.817789291882555","28.94300518134715","33","711.059041450777","5624.770000000001","8361.77","10510.789999999999","4657.6299999999965","6855.919999999999","8641.210000000003","21220","19833","927144.0999999988","270126.20999999996","42204.21999999996","6679.9299999999985","2880.549999999999","886.25"
"2023-11-25","19.50548601452635","37.24895688456189","32","710.9736300417243","8749.380000000001","12697.83","15336.539999999979","7851.570000000004","11297.359999999997","13822.199999999977","38702","37237","1440863.42","419214.61","61161.719999999936","8473.730000000001","3479.0499999999997","1079.6300000000008"
"2023-11-26","17.253129346314324","41.2990264255911","33","709.8462169680114","10128.880000000008","14456.650000000007","17038.83","9583.440000000002","13703.01","16439.55000000001","47551","46520","1604035.710000002","466472.530000001","65784.54","8427.57","3245.3399999999965","1022.9700000000003"
"2023-11-27","18.17206790123457","49.1125","38","710.1633333333332","6321.960000000005","9126.120000000004","11163.109999999999","5708.410000000002","8148.570000000005","9920.62","28050","26940","1097122.2399999998","319898.7899999998","46292.07999999999","6423.580000000004","2802.7700000000004","969.7399999999999"
"2023-11-28","19.104466079431305","50.39499304589708","40","711.0670792767733","11049.769999999997","16313.269999999988","19676.57","10165.37","14806.83","17798.889999999985","47711","46173","1751156.5199999993","527407.6500000003","87424.4399999999","11249.659999999998","4774.649999999996","1588.52"
"2023-11-29","18.163580246913583","54.125","41","710.1844444444442","5225.530000000004","7164.589999999997","8073.44","4938.900000000002","6775.640000000003","7768.519999999998","24921","24321","904624.6099999995","261564.94999999984","31955.43999999999","3443.579999999999","1176.1300000000008","377.4800000000001"
"2023-11-30","17.963734567901238","57.895833333333336","46","710.0766666666669","6857.339999999997","9124.579999999996","10084.240000000005","6654.869999999994","8899.559999999994","9946.270000000004","33097","32655","1150764.5499999996","333209.9200000001","40857.650000000045","3421.95","1243.5600000000006","416.67000000000013"
"2023-12-01","18.04243827160494","55.7875","44","710.6924999999992","5995.679999999999","8090.899999999994","8988.570000000005","5698.76","7705.029999999997","8710.750000000011","28492","27953","1015660.33","293981.2199999999","35453.15","3294.3400000000033","1149.23","356.5700000000001"
"2023-12-02","18.50023180343069","57.25452016689847","43","710.73876216968","5076.449999999997","6784.010000000007","7421.190000000003","4848.3899999999985","6515.790000000007","7255.110000000007","24999","24534","910043.6000000003","263561.36999999994","31762.37000000002","2586.4400000000014","862.4400000000009","284.70999999999975"
"2023-12-03","20.343069077422342","50.962447844228095","43","709.8968428372741","5933.909999999997","7906.930000000002","8781.620000000003","5665.979999999998","7581.610000000002","8532.85","28231","27746","1047861.5999999995","303257.6499999999","37307.79999999999","3110.5499999999993","1167.6999999999998","392.8999999999998"
"2023-12-04","21.252314814814813","47.75972222222222","43","709.4688194444437","9356.470000000001","14101.740000000007","17576.719999999994","8328.359999999993","12340.53000000001","15249.250000000004","41023","39325","1538012.3599999978","450877.6999999997","76232.58","10387.89000000001","4592.489999999996","1559.260000000003"
"2023-12-05","19.3409055787359","52.04450625869263","44","709.9757858136309","9218.830000000004","13271.789999999992","15196.340000000004","8848.539999999995","12722.769999999999","14719.840000000002","44427","43707","1481168.680000001","432069.0899999993","67172.82000000008","6704.080000000009","2509.3799999999983","819.0499999999998"
"2023-12-06","18.192510058805325","56.958217270194986","44","710.3732869080777","6013.499999999996","8414.640000000005","9391.020000000002","5859.209999999996","8210.720000000005","9265.09","31178","30742","1008675.4099999988","292644.6500000003","40445.17999999997","3547.3300000000013","1243.8700000000001","379.0799999999998"
"2023-12-07","19.939814814814813","51.576388888888886","44","710.2469027777778","6872.150000000003","9502.560000000005","10474.439999999984","6624.160000000003","9194.229999999996","10237.989999999983","34778","34341","1137630.0500000003","330835.39999999973","46692.509999999995","3601.709999999997","1278.0800000000006","400.78999999999957"
"2023-12-08","21.059413580246915","43.983333333333334","40","709.9165972222223","8871.590000000007","12669.97","14400.07999999999","8490.720000000007","12056.590000000002","13738.129999999992","42162","41376","1444001.46","421626.11","64848.269999999946","6339.180000000001","2352.760000000003","732.2999999999998"
"2023-12-09","20.345679012345677","49.63611111111111","41","709.5105972222225","8886.21","12788.949999999995","14890.049999999981","8335.970000000005","11954.439999999997","14031.929999999986","40215","39166","1451321.7499999993","424469.249999999","65691.23000000003","7123.080000000007","2868.6000000000013","929.5100000000006"
"2023-12-10","18.871913580246915","53.0125","42","709.9491805555556","2615.159999999999","3661.6699999999983","4148.37","2490.7499999999995","3483.769999999998","4031.3199999999997","13319","12958","519844.4799999997","149374.6000000001","17603.480000000003","2025.110000000002","657.9599999999999","209.7"
"2023-12-11","18.79969911884805","55.12379110251451","44","709.9180657640236","4086.999999999999","5548.410000000005","6154.379999999999","3869.0399999999977","5285.38","5977.419999999999","19749","19211","718343.6","207713.7499999999","25061.20999999998","2342.7400000000002","768.0800000000002","253.65"
"2023-12-12","20.560393484921786","47.54136429608128","44","709.1488824383166","6043.690000000001","7809.349999999999","8695.140000000003","5812.550000000002","7566.729999999999","8561.630000000006","29216","28719","1112639.4100000001","323203.1500000004","38499.81000000003","3226.8600000000033","1314.990000000002","508.2999999999997"
"2023-12-13","21.46858557722068","47.03899721448468","45","708.9524930362112","10643.650000000003","15092.329999999996","17804.78","9747.879999999992","13686.420000000007","16224.46999999999","46540","44838","1881834.0099999993","551329.0000000006","86527.14999999998","9644.960000000003","4070.9300000000026","1450.3500000000015"
"2023-12-14","19.41604010025063","59.04360902255639","48","709.2533383458652","9260.859999999995","12558.449999999988","13920.260000000006","8615.820000000002","11695.699999999977","13158.45","41339","40096","1629753.5700000005","476793.9599999998","68857.51999999993","5498.180000000004","2026.4399999999994","732.8600000000008"
"2023-12-15","19.87405346932468","56.99304589707928","47","709.4126147426985","9490.06","12960.039999999986","14698.059999999994","8999.959999999995","12262.469999999987","13905.099999999995","44129","43266","1674278.470000002","490382.2499999994","73559.90999999995","6208.34","2584.7199999999966","995.0200000000012"
"2023-12-16","19.48230567145727","58.03337969401947","46","710.0835326842843","9902.770000000006","13432.100000000006","14624.480000000036","9671.750000000002","13199.450000000004","14524.51000000003","45359","44835","1737584.1399999997","508528.49999999977","75249.16000000006","5051.340000000006","1775.2000000000016","633.59"
"2023-12-17","20.01157407407407","57.15972222222222","46","710.5583333333332","6282.129999999997","8396.819999999994","9715.769999999999","6151.939999999997","8248.539999999992","9619.779999999995","31417","31077","1164423.2100000004","338805.8800000003","45348.02999999997","4157.319999999996","1941.8900000000017","826.0900000000006"
"2023-12-18","19.851851851851855","54.855555555555554","47","710.2210833333334","8162.109999999997","11075.18","12097.429999999995","7786.309999999998","10606.960000000006","11796.259999999995","39348","38497","1467326.4899999993","428636.95999999996","60760.62000000007","4582.179999999999","1526.5900000000001","535.5000000000002"
"2023-12-19","20.092721372276305","53.79972183588317","45","710.5395549374131","7982.300000000002","10749.95000000001","12046.250000000004","7284.750000000001","9808.810000000009","11069.390000000009","35679","34649","1437044.6699999992","419699.0099999997","57315.49000000005","5035.609999999997","1955.0800000000004","667.4499999999999"
"2023-12-20","17.739197530864196","57.2625","43","710.2499444444436","5143.919999999994","6900.94","7800.999999999992","4747.8299999999945","6361.070000000001","7279.5599999999895","23709","22917","979698.3799999992","284626.18000000017","35270.70000000003","3489.010000000001","1350.9099999999996","477.77999999999975"
"2023-12-21","20.17746913580247","53.21111111111111","44","709.8275833333335","8391.760000000006","11423.409999999989","12622.100000000015","8053.690000000004","11028.379999999988","12365.150000000014","40358","39673","1511098.0399999996","440915.7100000003","62418.79000000003","5005.040000000004","1794.3700000000001","633.1500000000001"
"2023-12-22","19.59898006490496","56.02642559109875","45","710.8625730180805","6081.530000000004","8505.919999999996","9715.810000000001","5822.6700000000055","8099.700000000001","9272.070000000003","29226","28587","1131881.23","331184.0999999999","48517.94999999993","4581.659999999998","1813.6600000000003","654.5100000000007"
"2023-12-23","18.726080246913583","58.53888888888889","45","711.0794861111118","8692.450000000004","11941.999999999995","13101.880000000008","8324.389999999998","11492.009999999998","12809.670000000007","40381","39642","1545470.6600000004","453171.2500000003","66805.49999999999","5042.750000000001","1743.2799999999995","607.5800000000004"
"2023-12-24","20.767746913580247","52.9125","43","711.2804999999989","5009.270000000008","6706.119999999995","7783.57","4842.179999999999","6505.539999999995","7578.460000000003","25419","25075","954875.790000001","278141.55000000016","36653.04000000001","3485.5099999999975","1597.1000000000029","667.2700000000006"
"2023-12-25","19.09182098765432","57.64861111111111","47","711.7159861111111","7057.170000000003","9228.309999999998","10022.249999999995","6827.020000000002","8954.190000000004","9845.949999999995","33494","32985","1281857.6699999995","373379.2400000006","47982.33000000003","3244.900000000002","1192.400000000001","404.34000000000066"
"2023-12-26","17.885802469135804","54.855555555555554","43","712.4432222222222","6358.44","8216.059999999994","8882.780000000002","6072.900000000003","7919.969999999999","8724.440000000002","30680","30085","1158456.2799999998","336766.31","40779.45000000001","2821.450000000002","1004.91","337.3499999999999"
"2023-12-27","17.86574074074074","60.208333333333336","47","711.787916666667","9978.289999999994","13490.219999999994","14613.62","9179.569999999992","12537.319999999998","13936.720000000007","43615","42144","1750530.2400000002","512244.31000000023","72526.29999999999","5278.429999999997","1696.3199999999993","514.8200000000003"
"2023-12-28","17.36846177653977","60.40807799442897","45","712.5302228412245","5438.599999999997","7252.969999999997","7872.880000000006","5332.099999999996","7126.479999999999","7792.490000000003","27988","27702","1003970.2300000006","293012.83999999997","38956.52000000002","2680.4000000000005","926.9999999999993","317.4400000000004"
"2023-12-29","17.709104938271608","58.27638888888889","46","712.8425972222225","3599.140000000001","4550.629999999998","4953.56","3481.13","4436.809999999997","4897.81","17425","17168","722422.7099999998","207502.2199999999","20615.499999999993","1750.4700000000007","619.1100000000007","208.5999999999999"
"2023-12-30","18.126346568174817","57.189750692520775","45","712.9798476454293","4930.269999999992","6459.170000000009","6987.780000000009","4737.239999999991","6228.250000000009","6851.460000000008","24424","23914","946854.2199999996","273013.5199999997","32185.87000000002","2461.1000000000013","793.0100000000016","248.76999999999992"
"2023-12-31","16.871141975308642","60.225","45","712.7567916666661","4357.160000000001","5837.299999999999","6414.840000000004","4014.8699999999985","5433.29","6155.320000000004","20217","19428","821521.2999999998","238299.81","29325.599999999988","2772.200000000001","897.1800000000001","274.69999999999976"
"2024-01-01","18.631944444444443","51.94722222222222","43","711.8509166666668","12997.460000000008","17678.739999999983","19700.709999999977","10955.970000000008","15064.099999999999","17351.929999999982","48919","45908","2238302.300000002","659710.7699999993","90388.69000000003","8931.429999999993","3055.0499999999997","956.0800000000002"
"2024-01-02","19.067129629629633","51.50555555555555","45","711.6869305555556","5909.870000000007","8485.399999999994","10132.300000000005","5376.270000000004","7628.9","9078.590000000013","28314","27281","1109014.8500000006","324415.6000000002","49072.02","5868.65","2475.3800000000015","863.9000000000003"
"2024-01-03","19.347993827160494","49.297222222222224","44","711.0875416666669","5488.180000000002","7395.039999999989","8339.220000000003","5217.63","7020.8899999999885","8019.500000000004","27445","26850","1037568.5199999996","301153.9999999998","39059.98","3667.2599999999975","1413.6999999999991","518.2899999999997"
"2024-01-04","19.709876543209873","48.66111111111111","43","711.8535833333323","5705.209999999992","7657.180000000003","8580.250000000011","5578.229999999991","7511.160000000001","8494.88000000001","29296","28992","1077979.6300000001","312877.97999999986","40865.44000000004","3466.1599999999976","1390.1799999999992","488.37999999999994"
"2024-01-05","19.51089476124247","46.61474269819193","41","711.5173018080668","6196.5399999999945","8376.850000000008","9468.459999999992","5856.559999999997","7928.9000000000015","9111.539999999995","29999","29418","1154612.5400000012","334874.99000000017","43294.22999999996","4260.5900000000065","1617.349999999999","557.2899999999995"
"2024-01-06","19.51521067187246","37.7701317715959","33","710.6333235724744","5432.940000000001","7906.830000000005","9816.009999999998","4926.6100000000015","7090.280000000007","8769.229999999994","25637","24694","980180.2400000013","284310.73000000016","40363.18000000002","5855.160000000003","2584.040000000001","831.1499999999999"
"2024-01-07","20.023762700753853","44.46755162241888","39","709.3253539823006","6721.329999999997","9244.369999999995","10560.449999999992","6513.289999999998","8966.789999999995","10285.109999999993","33281","32973","1140572.6500000001","329633.4799999996","43847.259999999944","4341.070000000001","1750.5499999999968","583.8300000000004"
"2024-01-08","19.930555555555557","49.37638888888889","43","710.0522361111111","9930.1","14088.220000000007","16208.400000000009","9099.45","12889.50999999999","15110.980000000005","45390","43707","1661702.2200000004","482877.3","70869.37999999996","7932.830000000001","2937.5699999999997","930.3399999999998"
"2024-01-09","20.46296296296296","51.44722222222222","44","710.6016250000007","7600.479999999993","10594.700000000003","12089.889999999994","7398.909999999993","10279.04000000001","11834.019999999993","37794","37191","1301156.27","378792.0899999998","53818.59999999999","5397.380000000006","2044.9900000000016","698.4300000000004"
"2024-01-10","18.539351851851855","57.27777777777778","47","711.4071805555557","8034.049999999996","11129.880000000003","12499.979999999994","7499.369999999997","10373.649999999994","11800.259999999993","37817","36925","1353064.57","393553.9199999994","53597.63000000004","5235.000000000003","1853.6500000000008","589.8200000000004"
"2024-01-11","19.361882716049383","54.25416666666667","44","711.5071666666673","6143.890000000002","8381.230000000009","9238.580000000009","5990.670000000001","8181.880000000003","9082.480000000005","31571","31225","1055827.5999999999","307571.4800000001","42180.14","3296.3199999999997","1177.5200000000007","382.3999999999997"
"2024-01-12","18.09876543209877","53.06388888888889","42","711.6911944444441","7228.7999999999965","9778.370000000004","10724.750000000013","7105.679999999996","9637.730000000009","10650.250000000016","36846","36558","1213712.6700000002","353106.03000000014","47559.28000000005","3584.649999999995","1260.7799999999984","413.8"
"2024-01-13","18.888105312646914","55.655853314527505","44","711.6808180535962","8322.75999999999","11460.359999999999","12518.680000000006","8106.669999999994","11182.570000000003","12311.620000000008","39575","39162","1350503.6900000013","392896.1899999999","54368.4","4365.890000000002","1404.9699999999993","406.0100000000004"
"2024-01-14","18.206018518518515","56.86805555555556","44","711.9587361111115","4790.6399999999985","6116.7099999999955","6665.610000000002","4674.089999999999","5991.439999999998","6597.540000000003","23064","22804","896374.12","258340.8899999999","26933.999999999967","2177.600000000005","794.2900000000012","253.85999999999984"
"2024-01-15","18.4811337158755","54.69640062597809","44","710.4159780907659","4781.910000000002","6580.829999999996","7531.390000000005","4285.000000000005","5877.059999999999","6864.080000000006","21258","20383","886831.370000001","257276.1100000002","32379.699999999993","3664.3299999999977","1355.519999999999","440.15000000000066"
"2024-01-16","19.729018008834526","53.711009174311926","45","710.2542813455652","7757.209999999997","9994.30000000002","10911.769999999986","7584.289999999998","9834.250000000013","10849.289999999988","35753","35385","1391458.8499999999","403098.7199999998","50042.55999999998","3543.299999999998","1371.5300000000007","501.12"
"2024-01-17","20.476080246913583","54.2625","46","710.7455833333346","10745.719999999994","14250.850000000011","15788.970000000014","10014.599999999993","13322.440000000017","15012.81000000001","45930","44682","1887966.3300000012","550033.54","74330.31000000007","6010.550000000007","2312.89","812.38"
"2024-01-18","20.51537629423582","54.69958275382476","45","711.2795688456188","7549.499999999994","10013.750000000002","11450.890000000007","7179.279999999997","9605.479999999996","11161.140000000014","35271","34494","1371281.9299999992","398651.64999999985","52577.65999999998","4932.840000000003","2130.0499999999997","909.7300000000009"
"2024-01-19","20.046490004649","51.28033472803347","44","710.6875732217577","5964.219999999999","7863.230000000005","8841.990000000009","5538.31","7311.110000000005","8343.45","27539","26601","1121199.5299999998","324843.8800000001","38899.31999999997","3719.350000000002","1449.51","518.8100000000004"
"2024-01-20","20.02940266171464","57.298050139275766","46","710.6611559888585","6402.2800000000025","8531.009999999993","9944.51999999999","6296.73","8428.259999999993","9864.409999999989","30586","30350","1184901.479999998","344923.9900000006","45547.09000000005","4487.620000000002","2085.5200000000036","923.6700000000006"
"2024-01-21","19.24228395061728","53.3625","41","711.3871249999994","2105.770000000001","2746.640000000002","3102.4300000000017","2043.790000000001","2678.4600000000014","3064.5900000000015","10733","10557","486815.4000000005","138560.09999999995","13489.589999999993","1389.170000000002","542.5800000000011","203.9500000000001"
"2024-01-22","19.374228395061735","54.55833333333333","45","711.6225138888893","6383.140000000005","8414.880000000003","9426.719999999998","5918.410000000003","7794.840000000005","8863.749999999987","28682","27659","1192570.339999999","345767.6300000001","40818.67999999999","4098.579999999995","1512.0300000000007","552.9900000000009"
"2024-01-23","21.985782722917634","50.426981919332405","42","711.0926703755216","8605.090000000006","11267.240000000009","12287.040000000023","8216.51999999999","10854.450000000019","12002.30000000002","38125","37392","1543113.3799999992","448835.5000000009","58043.54999999996","4148.670000000003","1536.0600000000004","550.7000000000002"
"2024-01-24","21.79552469135803","49.19722222222222","44","710.8420277777776","7065.220000000007","9231.81999999998","10257.429999999991","6749.500000000008","8793.959999999988","9874.469999999985","33069","32387","1306732.1199999999","378704.6199999999","45708.29999999998","4031.4800000000014","1541.81","550.1900000000004"
"2024-01-25","18.866285986200328","58.852248394004285","48","711.524646680942","5687.729999999997","7413.249999999999","8164.919999999988","5565.950000000001","7226.07","7997.189999999989","26746","26364","1014341.5899999997","295488.7899999999","37826.569999999985","2826.9500000000003","1126.9399999999985","394.3100000000001"
"2024-01-26","21.442834138486308","49.333333333333336","44","711.5047101449276","5561.620000000006","7151.829999999999","7761.190000000004","5422.270000000006","6964.07","7623.4000000000015","26882","26616","1038259.2899999984","300878.76999999967","35725.720000000045","2435.6800000000003","911.3000000000001","320.29000000000025"
"2024-01-27","20.59485282786254","50.94452149791955","45","711.7452981969478","8191.779999999999","10606.440000000006","11696.839999999991","7870.349999999997","10225.10000000001","11376.439999999986","37401","36728","1488290.2200000011","430522.45000000036","51733.99000000002","4298.539999999996","1646.350000000003","564.7199999999996"
"2024-01-28","19.914232730644414","49.94297635605007","44","711.7865368567454","8164.449999999999","10865.089999999995","11058.410000000003","7476.4299999999985","9717.619999999995","10631.86","37123","35948","1408822.4600000002","410150.9299999997","51951.57999999995","3569.7300000000014","1270.1200000000001","422.99"
"2024-01-29","20.857253086419753","49.520833333333336","41","712.0118888888883","7858.940000000007","9986.67000000001","10668.74000000001","7651.120000000006","9772.630000000014","10526.310000000009","36379","35992","1410321.5999999987","410495.6600000003","49718.12999999998","2890.510000000001","1023.7700000000006","359.6000000000002"
"2024-01-30","20.583333333333332","51.56805555555555","44","711.2022777777776","10284.270000000008","13116.639999999994","14098.159999999998","9602.54999999999","12490.039999999997","13845.989999999996","44055","42764","1821753.040000002","529197.4799999997","62469.90000000003","4356.900000000003","1477.580000000002","501.32000000000005"
"2024-01-31","19.417305236270753","51.952586206896555","42","711.546350574713","9063.300000000014","11899.14000000001","13414.10000000001","8688.44000000001","11379.08000000001","12822.570000000009","41052","40264","1606790.560000001","468350.83999999997","61085.86999999991","5237.179999999998","2258.4700000000003","852.39"
"2024-02-01","20.693069306930692","49.024752475247524","41","711.9747029702971","3362.11","4450.000000000002","4897.480000000001","2956.900000000001","3966.540000000001","4513.580000000001","14434","13599","642713.0199999998","185000.22999999995","20717.03","2250.4700000000025","675.6899999999999","217.39000000000004"
"2024-02-02","19.238139391129653","54.842837273991655","46","712.1224895688456","4127.659999999996","5453.519999999998","6128.680000000001","3937.689999999998","5188.1","5864.7","19827","19457","817934.9900000003","236043.6499999999","26977.990000000005","2653.2799999999984","1009.1400000000001","365.3599999999999"
"2024-02-03","19.909217877094974","52.99022346368715","44","711.1312569832406","7122.020000000003","9213.319999999994","9815.320000000007","6956.630000000006","9004.79999999999","9642.700000000006","33858","33517","1251129.3299999984","363454.7399999996","45492.57000000001","2583.979999999997","877.9399999999999","267.63999999999993"
"2024-02-04","20.551697530864196","50.34027777777778","42","709.5999444444457","6079.949999999996","8142.539999999986","9004.66","5896.360000000001","7896.80999999999","8782.699999999999","29137","28726","1095953.0500000012","318621.1600000002","41595.28000000001","3228.0700000000015","1227.7000000000014","426.03"
"2024-02-05","20.44197187451708","51.73157162726008","44","710.7417663421419","4742.070000000001","6522.940000000005","7309.470000000003","4422.380000000001","6037.700000000003","6840.800000000002","22565","22019","893230.0500000009","259673.4499999999","34079.379999999976","3199.819999999998","1139.8200000000002","356.88000000000005"
"2024-02-06","20.4782877453253","52.44089012517385","43","710.9920027816406","7611.379999999997","10164.64999999999","11022.129999999988","7302.379999999997","9801.649999999998","10798.999999999993","36701","36049","1337859.4999999995","388936.0600000003","51384.04999999994","3619.219999999998","1226.45","396.8600000000006"
"2024-02-07","21.21001390820584","49.51738525730181","42","711.4036161335187","11209.419999999976","15093.279999999993","16717.55000000002","10461.309999999987","14078.880000000006","15773.400000000007","47863","46573","1893319.9299999995","552674.1200000003","75232.43","6542.7","2354.7599999999993","770.5799999999999"
"2024-02-08","20.82561728395062","51.1","41","711.5563750000002","10671.010000000004","15043.519999999995","17428.969999999998","9405.780000000004","13173.980000000012","15384.969999999985","43813","41670","1833993.45","536611.9299999998","79121.3","8893.87","3473.4599999999973","1121.3199999999997"
"2024-02-09","18.96847473342605","51.71627260083449","40","711.8231710709317","7701.059999999986","11435.38","14563.89000000001","6134.550000000001","9074.580000000004","11688.679999999995","28488","25944","1316319.41","385874.7800000003","59303.66000000006","10086.589999999982","4347.410000000002","1431.4900000000023"
"2024-02-10","18.05478395061729","50.734722222222224","41","712.1951249999996","11733.13","16869.639999999996","20934.62","9592.499999999989","13850.880000000003","17498.210000000017","43811","40061","1959216.4","570147.3299999998","81150","12995.039999999975","5558.94","1840.8100000000015"
"2024-02-11","18.855709876543212","46.21527777777778","38","710.7562638888895","11803.119999999974","16886.98000000001","19151.29","9498.080000000002","13611.980000000009","15866.410000000002","41078","37876","1946759.110000004","575643.04","85569.4399999999","9844.529999999984","3255.950000000004","925.0900000000003"
"2024-02-12","19.721450617283956","51.268055555555556","44","710.641680555556","14092.320000000014","19810.089999999986","22907.810000000016","11618.59","16328.23999999999","19266.870000000028","50878","47287","2346788.609999999","691647.2100000004","100194.76000000004","11931.519999999997","4552.289999999999","1439.3400000000004"
"2024-02-13","19.809921186833567","55.95410292072323","47","711.0138108484007","11066.449999999986","14827.210000000014","16454.839999999993","10406.509999999984","13966.460000000014","15640.010000000004","48033","46719","1903021.850000001","553233.95","73347.65999999993","6320.809999999996","2338.3300000000013","782.4099999999997"
"2024-02-14","19.68397465615824","56.520166898470094","45","711.5265507649526","7470.679999999991","10436.879999999994","12626.360000000017","6711.749999999998","9305.799999999992","11218.589999999997","32150","30627","1344324.52","392085.00000000023","55789.190000000046","7088.610000000003","3197.88","1133.8099999999993"
"2024-02-15","21.001390820584145","53.108484005563284","44","711.3585118219744","8459.040000000005","12134.06","15143.929999999997","7452.660000000008","10531.000000000004","13060.27999999999","35879","33866","1493065.449999999","437615.9599999995","66086.71000000006","9535.040000000014","4385.359999999996","1526.2600000000025"
"2024-02-16","21.30632716049383","51.91388888888889","42","711.2214444444451","9537.600000000008","12833.039999999994","14275.039999999983","8441.11","11382.099999999999","12944.799999999974","38599","36874","1660624.2099999988","484483.10000000015","65032.31000000002","5881.229999999999","2112.2600000000016","743.6800000000003"
"2024-02-17","20.49228395061728","50.69027777777778","43","710.8510277777777","7116.099999999999","9381.450000000008","10334.4","6637.889999999998","8805.629999999996","9889.769999999991","32720","31763","1283216.6499999985","371965.95999999985","45001.009999999966","4025.319999999999","1361.7600000000016","472.2499999999997"
"2024-02-18","21.13333333333334","48.644444444444446","44","711.1878074074081","7445.709999999993","10521.559999999996","12161.620000000008","6696.749999999994","9411.24999999999","11026.320000000009","32434","31105","1330896.8199999984","389342.8200000001","57046.31000000003","6213.569999999998","2392.7799999999993","793.0100000000003"
"2024-02-19","23.42592592592593","42.395833333333336","45","711.3650416666662","2269.249999999999","3247.5099999999998","3949.6600000000003","2039.0600000000006","2886.459999999999","3509.4600000000005","10203","9813","424426.49999999994","123685.80999999995","18045.619999999995","2510.2700000000004","1056.2","378.49000000000007"
"2024-02-20","19.80246913580247","52.96944444444444","44","712.9245555555564","8019.6500000000015","10355.350000000006","11454.120000000004","7653.859999999999","9885.980000000003","11017.22","36538","35915","1435054.630000002","418081.4700000008","51720.13999999996","4059.810000000002","1638.9199999999996","606.7400000000013"
"2024-02-21","18.8317107093185","52.43532684283728","41","712.4486648122397","6204.979999999996","7899.790000000006","8590.280000000006","6052.429999999998","7735.690000000007","8491.13000000001","30013","29642","1148247.5299999996","333150.03","37860.98","2751.7899999999977","1036.8899999999987","363.58"
"2024-02-22","18.08694287507847","47.28389830508475","31","710.976624293785","6671.010000000005","8545.490000000002","9342.22","6451.020000000003","8285.97","9140.389999999996","31510","31097","1219122.930000001","353036.8600000002","41239.190000000075","3027.030000000001","1181.889999999999","410.04000000000053"
"2024-02-23","19.50247601361808","40.49442896935933","35","710.4641782729806","6445.159999999997","8583.920000000006","9695.280000000012","6159.409999999996","8202.67","9369.790000000005","31676","31043","1182685.7899999996","339295.31999999995","39820.92999999997","4228.920000000002","1565.8199999999993","541.9300000000004"
"2024-02-24","19.47762345679012","44.326388888888886","24","710.7473333333337","13715.479999999987","19608.170000000027","24149.77","11487.70999999999","16317.520000000002","20193.249999999996","49984","46610","2305344.359999999","676643.6000000001","104418.29999999992","14885.640000000001","6721.279999999996","2292.549999999995"
"2024-02-25","18.766505636070853","46.19420289855073","35","712.4261304347824","11270.199999999999","15613.489999999994","17767.429999999986","9648.070000000012","13366.519999999999","15636.809999999992","44933","42237","1951263.4600000007","566879.2899999993","78128.23000000004","8655.920000000002","3106.2499999999955","1000.4300000000005"
"2024-02-26","18.101025132275133","49.88690476190476","39","712.2224851190479","9217.469999999992","12862.509999999987","14866.630000000006","8363.75","11615.849999999991","13674.860000000002","40904","39191","1607293.7799999998","468284.60000000003","64069.829999999994","7571.520000000003","2864.640000000002","926.8600000000006"
"2024-02-27","20.078040488332558","50.573018080667595","42","710.5710709318499","12070.419999999998","17741.760000000013","22322.989999999994","10978.37999999999","15940.370000000012","19937.619999999995","50193","47836","2009688.840000001","605248.6800000005","100884.07000000005","14412.17000000001","6734.109999999998","2396.7299999999996"
"2024-02-28","19.108635097493035","54.5041782729805","42","710.6517270194987","9744.380000000005","13311.050000000001","15352.290000000003","9066.999999999998","12339.419999999996","14384.26","42932","41560","1690130.2999999993","492062.9999999999","65316.870000000024","7096.489999999991","2886.2399999999966","977.3300000000004"
"2024-02-29","18.16280864197531","56.547222222222224","44","711.5491111111107","5973.289999999999","8149.850000000002","9525.96000000001","5588.260000000001","7565.160000000004","8835.599999999999","27708","26901","1087482.499999999","315451.51000000036","39899.709999999985","4787.350000000002","1949.7999999999988","691.7900000000014"
"2024-03-01","17.929995363931386","58.738525730180804","47","712.1163004172462","7155.3200000000015","9822.149999999998","10670.800000000005","6329.630000000001","8692.609999999999","9645.010000000011","29549","28115","1236302.1699999997","361932.20000000007","49454.63999999997","4195.589999999999","1211.4699999999993","353.9"
"2024-03-02","17.901234567901238","56.05324074074074","44","712.5837499999997","5451.900000000001","7224.349999999999","7874.050000000004","4907.980000000005","6533.810000000001","7249.040000000002","23802","22821","924958.1299999993","269533.99999999977","33265.23999999998","2697.7899999999986","876.35","281.1399999999999"
"2024-03-03","18.749425287356317","53.66620689655172","45","712.0661103448286","5874.629999999992","7602.710000000006","8254.869999999995","5715.919999999996","7411.300000000007","8133.129999999996","29243","28927","1066967.8","308171.2799999998","34585.93000000003","2508.6800000000017","895.140000000001","313.72999999999973"
"2024-03-04","20.2524554941682","52.005524861878456","45","711.1338674033149","8220.900000000005","10812.709999999985","12249.900000000018","7635.780000000004","10033.019999999991","11399.09000000001","36625","35627","1453164.3000000021","421352.8199999995","52578.66999999993","4912.559999999996","2051.909999999999","723.359999999999"
"2024-03-05","21.066727884909703","49.09779614325069","45","710.2934710743792","10072.870000000017","14165.81","17471.89000000001","9256.070000000007","12773.919999999986","15470.889999999994","42098","40651","1762186.6999999995","513073.11000000034","74348.59000000001","9653.430000000002","4611.899999999997","1657.560000000002"
"2024-03-06","20.843281297826756","48.40633608815427","42","710.3007024793388","6321.600000000002","8102.969999999993","8928.070000000005","6198.230000000004","7975.6799999999985","8868.500000000005","31164","30866","1169275.7899999993","335915.8199999998","37757.169999999955","3119.8699999999985","1209.9600000000005","427.1800000000004"
"2024-03-07","21.23148148148148","47.419444444444444","44","711.0006388888891","8738.040000000006","11782.720000000008","13491.10999999999","8285.570000000002","11142.500000000004","12841.870000000003","39745","38896","1561882.01","452910.88000000024","59211.71999999994","6077.870000000004","2478.6300000000024","843.1700000000013"
"2024-03-08","21.520061728395063","45.36527777777778","44","711.3978888888892","10848.250000000011","14537.449999999999","16033.980000000009","9733.320000000007","13054.000000000007","14795.900000000007","45684","43615","1875505.3400000008","550595.9200000002","71913.08000000002","6708.090000000005","2223.2","709.7900000000003"
"2024-03-09","21.024691358024693","50.49583333333333","44","711.4953194444436","8188.5300000000025","10880.610000000002","12071.069999999998","7685.37","10220.330000000004","11495.589999999997","37330","36378","1457626.95","423222.4599999999","52593.73999999998","4783.700000000002","1706.639999999998","564.5000000000005"
"2024-03-10","21.168981481481485","47.30277777777778","43","711.7293333333338","8993.729999999992","11842.500000000004","12923.949999999992","8027.019999999987","10571.320000000002","11709.749999999985","36671","35313","1579572.4700000007","461043.26000000007","58121.500000000065","4705.979999999998","1596.0000000000011","504.69000000000045"
"2024-03-11","21.298871889970638","50.10431154381085","42","711.7018358831706","8863.580000000013","11709.400000000003","12954.920000000002","8500.750000000011","11235.60000000001","12586.079999999998","41390","40563","1569495.5800000003","456040.02999999933","57739.79999999999","4765.680000000002","1805.6599999999955","633.9800000000002"
"2024-03-12","21.286753327143302","47.02646239554318","42","711.7448885793875","11265.900000000003","16477.229999999996","19778.860000000004","9947.140000000007","14309.900000000001","17294.720000000012","46521","44187","1896095.5900000022","570772.5199999998","94028.71000000012","11545.270000000006","4870.779999999996","1632.8900000000035"
"2024-03-13","21.666666666666668","47.83286908077994","39","711.4589693593316","9368.970000000005","12757.990000000005","14381.919999999991","8691.52000000001","11807.289999999995","13481.190000000006","42920","41486","1638276.0599999998","478193.6699999994","65484.529999999955","6262.660000000007","2359.5800000000013","823.5700000000007"
"2024-03-14","20.69521604938271","49.62361111111111","39","710.4225833333335","8987.110000000004","12170.769999999999","13807.830000000002","8288.87","11241.299999999988","12999.199999999995","40479","39171","1548939.9499999993","451623.01000000024","59853.510000000024","5956.76","2347.8900000000017","820.4900000000001"
"2024-03-15","21.093339514758153","47.26981919332406","40","710.4106397774696","11829.940000000022","16433.560000000012","18630.24000000002","10769.790000000005","14994.839999999997","17446.450000000026","50896","48521","2029611.7099999972","593851.1899999994","85258.59999999993","8916.130000000001","3209.94","1098.7800000000013"
"2024-03-16","20.73327151908515","46.65924895688456","42","710.5092489568843","9140.61","12965.439999999991","15746.549999999996","8077.6999999999925","11309.439999999991","13691.499999999996","38466","36698","1583046.2999999989","464416.3799999998","69955.05000000008","8753.88","3922.5399999999954","1458.3600000000038"
"2024-03-17","19.24841159150783","54.0697350069735","42","710.2886331938633","4919.540000000001","6748.810000000003","7519.399999999996","4148.400000000001","5706.450000000002","6506.999999999995","19051","17959","899456.3699999991","261715.32000000033","32691.040000000008","3350.2999999999997","1087.8899999999996","350.47"
"2024-03-18","19.539351851851855","50.71527777777778","43","710.5548333333337","4709.59","6605.050000000002","7607.5199999999995","4124.619999999999","5733.650000000004","6699.2","19740","18780","881073.4600000014","255678.0500000004","33425.79","3933.3900000000017","1435.6700000000017","460.3899999999999"
"2024-03-19","19.064814814814813","57.7125","44","712.2391666666663","6509.059999999997","8592.72000000001","9437.180000000008","6000.979999999999","7914.220000000003","8804.670000000007","29661","28725","1169764.599999999","338939.1800000003","41506.04000000006","3602.939999999998","1218.42","389.6100000000006"
"2024-03-20","17.318672839506174","56.833333333333336","42","711.7398750000004","3702.3900000000017","4982.530000000003","5652.120000000004","3411.4100000000017","4555.690000000003","5207.3700000000035","16631","16113","709931.5400000005","207179.7100000002","23572.84999999999","2549.3100000000027","961.7600000000001","292.99999999999994"
"2024-03-21","18.589506172839506","56.577777777777776","44","711.8712083333327","7362.060000000003","10291.589999999991","11915.670000000007","6541.959999999999","9039.449999999992","10538.750000000005","31483","29959","1298414.2999999993","383040.6800000003","54492.200000000026","6057.11","2388.029999999998","760.0399999999996"
"2024-03-22","18.023148148148145","58.96388888888889","42","712.1012777777778","10736.14","15124.570000000002","16751.570000000003","8917.87","12528.67","14178.280000000008","38494","35737","1802209.930000001","528917.2200000002","78617.60999999994","7376.330000000005","2324.6300000000015","619.5399999999996"
"2024-03-23","18.378148663266884","56.28929068150209","43","711.9754242002774","6399.439999999999","9159.390000000003","10782.249999999996","5414.54","7726.920000000002","9199.419999999998","25635","23889","1111923.9199999997","334359.7500000002","48020.56","6073.099999999996","2388.0899999999992","797.9799999999999"
"2024-03-24","18.2608024691358","57.229166666666664","43","711.5064722222228","7786.009999999992","11135.960000000001","12461.869999999999","6273.909999999994","8911.310000000003","10158.60000000001","26055","23857","1286153.71","383743.52000000014","59045.46000000004","5590.350000000004","1874.3600000000006","511.71999999999974"
"2024-03-25","18.854891052387572","50.39638386648122","41","711.1854102920726","7408.189999999999","10455.880000000008","11733.300000000005","6546.079999999999","9236.45","10681.090000000006","31747","30151","1312475.0500000007","381885.69999999984","53874.16000000002","5935.279999999995","1855.4100000000021","560.0300000000003"
"2024-03-26","19.205246913580247","52.09861111111111","44","712.0201249999999","33049.80999999998","54927.00999999998","75043.41999999998","24980.059999999983","41577.08","59228.58000000005","110007","94319","4902268.439999998","1590826.1599999997","358806.4700000001","57521.280000000006","28248.280000000002","10781.420000000002"
"2024-03-27","18.830938031216192","48.778859527121","40","712.30090403338","17105.58000000001","27287.009999999995","37601.05000000002","14402.399999999989","22480.99999999998","30334.45999999998","65139","60173","2829274.329999998","839603.0899999993","167142.90999999992","28525.399999999994","14328.219999999994","5740.240000000002"
"2024-03-28","17.351439182915506","40.44150417827298","20","712.0880779944291","7577.439999999994","10816.930000000013","12473.700000000004","6941.850000000001","9845.840000000017","11556.310000000007","33905","32687","1281141.8099999998","378148.9800000001","54562.51999999998","6369.33","2313.9999999999977","685.4399999999997"
"2024-03-29","17.17277082367486","38.03337969401947","29","711.9808344923504","5291.1100000000015","7336.870000000001","8468.599999999999","4830.360000000001","6708.579999999991","7941.109999999999","24763","23682","1007973.5299999996","293360.80000000005","37615.83999999997","4599.279999999997","1697.8099999999997","571.21"
"2024-03-30","17.61937876680575","43.19749652294854","34","711.5085396383863","7631.689999999995","10534.379999999992","11981.810000000005","6986.879999999998","9696.789999999995","11383.07","34749","33328","1347501.1700000002","390721.86999999965","49848.63000000005","6019.699999999993","2045.8399999999983","669.4199999999996"
"2024-03-31","18.976080246913583","48.34722222222222","40","711.6579166666668","17472.499999999985","25995.559999999994","31240.959999999995","14172.149999999987","20807.11","25328.600000000017","62016","57152","2921291.080000002","864976.21","147023.93000000008","19588.31","7812.229999999999","2364.090000000001"
"2024-04-01","17.314944678198536","56.899018232819074","42","712.4962692847126","8129.720000000003","11175.700000000008","12635.269999999999","7429.800000000002","10169.140000000005","11668.169999999995","36375","35224","1417487.4799999986","412889.27","55057.83999999998","5535.919999999996","1998.7599999999998","613.1899999999999"
"2024-04-02","17.893518518518515","60.12916666666667","46","711.7877222222234","7844.59999999999","10239.390000000005","11135.520000000011","7500.4100000000035","9853.770000000002","10923.180000000006","35986","35223","1380673.960000001","400026.37999999983","48426.80000000007","3741.8","1289.75","420.0399999999998"
"2024-04-03","17.943672839506174","57.775","44","711.4565555555553","6911.5700000000115","9036.230000000007","9819.070000000002","6619.160000000011","8730.420000000007","9652.980000000003","33066","32588","1199547.5300000007","347448.0900000003","40787.75000000002","3073.3500000000004","1103.4600000000014","358.5599999999998"
"2024-04-04","17.628086419753085","60.147222222222226","44","711.2993194444449","6224.550000000002","8357.11","9206.730000000001","5701.890000000003","7645.849999999995","8544.889999999998","27548","26793","1102932.1999999995","319879.72000000015","39299.270000000026","3511.059999999998","1187.1999999999996","335.56"
"2024-04-05","19.329370522786164","55.56927297668038","46","712.4420713305897","10742.089999999998","14986.150000000003","16543.79000000001","9865.960000000005","13669.499999999993","15167.400000000009","45771","44439","1821217.3599999987","534860.9200000004","83137.78000000006","6256.76","2272.38","733.1000000000003"
"2024-04-06","19.85464231354642","52.95753424657534","44","711.7511369863018","12978.180000000006","18256.949999999997","20196.970000000005","11240.16","15653.469999999998","17420.68000000001","47735","45203","2079063.2999999998","635612.6799999998","99884.01999999997","8005.899999999996","2831.1200000000003","816.6500000000001"
"2024-04-07","19.179604261796044","54.16027397260274","43","710.6375068493154","7153.02","10025.68","10878.65000000001","5687.12","7938.559999999996","9120.260000000006","24732","22325","1221311.8600000006","358026.67000000016","51208.559999999976","4809.6699999999955","1671.3600000000008","522.0599999999998"
"2024-04-08","19.55875628715135","56.02057613168724","46","710.9516735253775","10682.92","14268.759999999997","15817.209999999995","10068.97","13527.989999999993","15238.449999999995","46799","45589","1857231.2799999998","538761.1699999997","71352.86000000002","5887.219999999998","2207.1100000000015","791.4500000000005"
"2024-04-09","18.620243531202433","56.053424657534244","43","711.0980410958902","6490.480000000001","8386.980000000003","9102.010000000004","6269.019999999996","8154.7900000000045","8969","30148","29666","1186282.6800000004","340896.10000000003","39738.23000000001","2922.8699999999994","1026.9300000000012","365.57000000000005"
"2024-04-10","19.748097412480977","52.46986301369863","44","710.6115890410945","8931.270000000008","11973.950000000004","13531.67","8081.1700000000055","10797.400000000005","12339.690000000013","37641","36259","1590872.1199999999","459651.5099999994","58128.439999999966","5971.070000000001","2251.820000000002","732.1900000000007"
"2024-04-11","19.804907788446883","56.382716049382715","46","711.5913168724284","9941.100000000002","13349.439999999993","14688.029999999999","9539.129999999996","12851.01","14306.71999999999","44462","43659","1732581.5300000003","502935.2200000006","67538.76999999997","5277.749999999998","1902.9400000000007","650.1800000000005"
"2024-04-12","18.631587080822133","53.03894297635605","42","711.6818915159946","5091.35","6845.41999999999","7521.190000000006","4363.119999999998","5947.82999999999","6773.080000000009","21403","20173","929968.0200000011","268469.0799999997","30529.490000000016","3524.060000000001","1001.8500000000012","291.4500000000001"
"2024-04-13","19.022927689594358","55.61904761904762","44","711.6231587301584","3184.6100000000006","4275.839999999999","4833.280000000004","3100.190000000001","4155.449999999998","4745.3700000000035","16358","16072","645439.0299999991","185567.18000000023","20513.47","2247.1299999999983","815.3700000000002","282.47000000000025"
